Identifikátor služby,Název poskytovatele,Ulice,Číslo popisné,Město,PSČ,Druh zřizovatele,Právní forma,IČO,DIČ,Telefon,Název zřizovatele,IČO zřizovatele,Název služby,Druh sociální služby
1008575,Diakonie ČCE - středisko ve Dvoře Králové nad Labem,nábřeží Benešovo ,1067,Dvůr Králové nad Labem,54401,Církev,CPO - Evidovaná právnická osoba církve a náboženské společnosti,43462162,,+420499621094,,,Pečovatelská služba,§ 40 - Pečovatelská služba
1109434,Ústav sociálních služeb města Nové Paky,Svatojánská,494,Nová Paka,50901,Obec,p.o. - Příspěvková organizace,60117150,,+420605980631,Město Nová Paka,271888,Domov pro seniory,§ 49 - Domovy pro seniory
1172890,Město Kostelec nad Orlicí,Palackého náměstí,38,Kostelec nad Orlicí,51741,Obec,OBC - Obec,00274968,CZ00274968,+420773781188,,,Pečovatelská služba Kostelec nad Orlicí,§ 40 - Pečovatelská služba
1201932,Laxus z.ú.,Sadová,2107,Nymburk,28802,Bez zřizovatele,z.ú. - Zapsaný ústav,62695487,,+420495401565,,,Ambulantní centrum Hradec Králové,§ 37 - Odborné sociální poradenství
1225073,Sociální služby města Jičína,Hofmanova,574,Jičín,50601,Obec,p.o. - Příspěvková organizace,70888167,,+420493546219,Město Jičín,271632,"Sociální služby města Jičína, Pečovatelská služba",§ 40 - Pečovatelská služba
1236570,Oblastní charita Hradec Králové,Komenského,266,Hradec Králové,50003,Církev,CPO - Evidovaná právnická osoba církve a náboženské společnosti,45979855,CZ45979855,+420495516098,,,Domov pro matky s dětmi Hradec Králové,§ 57 - Azylové domy
1272659,Město Nový Bydžov,Masarykovo náměstí ,1,Nový Bydžov,50401,Obec,OBC - Obec,00269247,CZ00269247,+420495703931,,,Město Nový Bydžov,§ 65 - Sociálně aktivizační služby pro rodiny s dětmi
1356155,Oblastní charita Sobotka,Malé náměstí ,2,Sobotka,50743,Církev,CPO - Evidovaná právnická osoba církve a náboženské společnosti,44477309,,+420493571156,,,Oblastní charita Sobotka - Charitní pečovatelská služba,§ 40 - Pečovatelská služba
1378201,PFERDA z.ú.,Panská ,79,Rychnov nad Kněžnou,51601,,z.ú. - Zapsaný ústav,26657431,CZ26657431,+420722944446,,,Takový normální život,§ 43 - Podpora samostatného bydlení
1441233,Farní charita Rychnov nad Kněžnou,Palackého,111,Rychnov nad Kněžnou,51601,Církev,CPO - Evidovaná právnická osoba církve a náboženské společnosti,42887968,CZ42887968,+420494534431,,,Stacionář sv. Františka,§ 44 - Odlehčovací služby
1450637,Domov důchodců Albrechtice nad Orlicí,1. máje ,104,Albrechtice nad Orlicí,51722,Královehradecký kraj,p.o. - Příspěvková organizace,42886171,CZ42886171,+420606651460,,,Domov důchodců Albrechtice nad Orlicí,§ 50 - Domovy se zvláštním režimem
1494293,"Domácí hospic Setkání, o.p.s.",Hrdinů odboje,1017,Rychnov nad Kněžnou,51601,,o.p.s. - Obecně prospěšná společnost,02305291,,+420733694162,,,Sociální poradna Domácího hospice Setkání,§ 37 - Odborné sociální poradenství
1514566,Město Police nad Metují,Masarykovo náměstí,98,Police nad Metují,54954,Obec,OBC - Obec,00272949,,+420491509995,,,Město Police nad Metují - pečovatelská služba,§ 40 - Pečovatelská služba
1537615,Laxus z.ú.,Sadová,2107,Nymburk,28802,Bez zřizovatele,z.ú. - Zapsaný ústav,62695487,,+420495401565,,,Centrum terénních programů Královéhradeckého kraje,§ 69 - Terénní programy
1546097,Ústav sociální péče pro mládež DOMEČKY,Jiráskova,1612,Rychnov nad Kněžnou,51601,Královehradecký kraj,p.o. - Příspěvková organizace,42886210,,+420494539570,,,Ústav sociální péče pro mládež DOMEČKY,§ 48 - Domovy pro osoby se zdravotním postižením
1552469,PFERDA z.ú.,Panská,79,Rychnov nad Kněžnou,51601,,z.ú. - Zapsaný ústav,26657431,CZ26657431,+420722922433,,,Tréninková pekárna Láry Fáry,§ 67 - Sociálně terapeutické dílny
1567065,Diakonie ČCE - středisko ve Dvoře Králové nad Labem,nábřeží Benešovo,1067,Dvůr Králové nad Labem,54401,Církev,CPO - Evidovaná právnická osoba církve a náboženské společnosti,43462162,,+420499621094,,,Denní centrum pro seniory,§ 46 - Denní stacionáře
1576566,Domov V Podzámčí,Palackého,165,Chlumec nad Cidlinou,50351,Královehradecký kraj,p.o. - Příspěvková organizace,64809234,CZ64809234,+420602455764,,,Domov V Podzámčí,§ 51 - Chráněné bydlení
1622964,Stacionář Cesta Náchod z.ú.,Vítkova,3,Náchod,54701,Právnická osoba nebo skupina právnických osob,z.ú. - Zapsaný ústav,48653292,,+420737219833,,,Odlehčovací služba,§ 44 - Odlehčovací služby
1642854,Sociální služby města Hořice,Riegrova,2111,Hořice,50801,Obec,p.o. - Příspěvková organizace,70889961,CZ70889961,+420493621068,Město Hořice,271560,Sociální služby města Hořice,§ 50 - Domovy se zvláštním režimem
1647194,Město Dobruška,nám. F. L. Věka,11,Dobruška,51801,Obec,OBC - Obec,00274879,CZ00274879,+420494623596,,,Město Dobruška Pečovatelská služba,§ 40 - Pečovatelská služba
1665958,Domov důchodců Mlázovice,Náměstí ,43,Mlázovice,50758,Obec,p.o. - Příspěvková organizace,70889783,,+420493697230,Městys Mlázovice,271853,Domov důchodců Mlázovice,§ 49 - Domovy pro seniory
1671513,Město Meziměstí,5. května ,1,Meziměstí,54981,Obec,OBC - Obec,00272841,CZ00272841,+420491582363,,,Pečovatelská služba Meziměstí,§ 40 - Pečovatelská služba
1686476,"Život Hradec Králové, o.p.s.",třída Edvarda Beneše,1747,Hradec Králové,50012,Bez zřizovatele,o.p.s. - Obecně prospěšná společnost,02498251,,+420495514345,,,Pečovatelská služba,§ 40 - Pečovatelská služba
1696009,Pečovatelská služba Města Dvůr Králové nad Labem,Elišky Krásnohorské,2962,Dvůr Králové nad Labem,54401,Obec,p.o. - Příspěvková organizace,75065649,CZ75065649,+420734684104,město Dvůr Králové nad Labem,277819,Noclehárna,§ 63 - Noclehárny
1715626,"Spokojený domov, o.p.s.",Na Návsi,44,Mnichovo Hradiště,29501,,o.p.s. - Obecně prospěšná společnost,29043913,,+420773503840,,,"Spokojený domov, o.p.s.",§ 39 - Osobní asistence
1738957,Oblastní charita Jičín,Na jihu,553,Jičín,50601,Církev,CPO - Evidovaná právnická osoba církve a náboženské společnosti,73633755,,+420731646979,,,Nízkoprahový klub PoHoDa,§ 62 - Nízkoprahová zařízení pro děti a mládež
1758706,"Aufori, o.p.s.",Habrmanova,136,Hradec Králové,50002,,o.p.s. - Obecně prospěšná společnost,01582241,,+420774855749,,,"Terénní program - Aufori, o.p.s.",§ 69 - Terénní programy
1792038,"TyfloCentrum Hradec Králové, o. p. s.",Okružní ,1135,Hradec Králové,50003,Právnická osoba nebo skupina právnických osob,o.p.s. - Obecně prospěšná společnost,25975498,CZ25975498,+420495523729,,,Sociálně aktivizační služby pro zrakově postižené,§ 66 - Sociálně aktivizační služby pro seniory a osoby se zdravotním postižením
1806042,Diakonie ČCE - středisko Světlo ve Vrchlabí,Komenského,616,Vrchlabí,54301,Církev,CPO - Evidovaná právnická osoba církve a náboženské společnosti,43464343,CZ43464343,+420739244667,,,osobní asistence,§ 39 - Osobní asistence
1817339,Městské středisko sociálních služeb MARIE,Bartoňova ,1998,Náchod,54701,Obec,p.o. - Příspěvková organizace,70947589,,+420491423478,MÚ Náchod,272868,Domov pro seniory Marie,§ 49 - Domovy pro seniory
1826777,"Pracoviště pečovatelské péče, o. p. s.",Pražská třída ,231,Hradec Králové,50004,,o.p.s. - Obecně prospěšná společnost,02405661,CZ02405661,+420603555833,,,"Pracoviště pečovatelské péče, o. p. s.",§ 40 - Pečovatelská služba
1840658,Oblastní charita Hradec Králové,Komenského ,266,Hradec Králové,50003,Církev,CPO - Evidovaná právnická osoba církve a náboženské společnosti,45979855,CZ45979855,+420495516098,,,Středisko rané péče Sluníčko,§ 54 - Raná péče
1872907,Domov pro seniory Pilníkov,Trutnovská ,176,Pilníkov,50003,Královehradecký kraj,p.o. - Příspěvková organizace,00195031,CZ00195031,+420499829111,,,Domov pro seniory Pilníkov,§ 49 - Domovy pro seniory
1878615,Domov pro seniory Vrchlabí,Žižkova ,590,Vrchlabí,54301,Královehradecký kraj,p.o. - Příspěvková organizace,00194891,CZ00194891,+420499405250,,,Domov pro seniory Vrchlabí,§ 44 - Odlehčovací služby
1905494,SENIOR CENTRUM Hradec Králové o.p.s.,Příčná ,413,Hradec Králové,50011,Bez zřizovatele,o.p.s. - Obecně prospěšná společnost,26012294,,+420495523414,,,SENIOR CENTRUM Hradec Králové o.p.s.,§ 44 - Odlehčovací služby
1907533,Oblastní charita Jičín,Na jihu,553,Jičín,50601,Církev,CPO - Evidovaná právnická osoba církve a náboženské společnosti,73633755,,+420733741753,,,Sociálně aktivizační služby pro rodiny s dětmi,§ 65 - Sociálně aktivizační služby pro rodiny s dětmi
1961902,Farní charita Rychnov nad Kněžnou,Palackého,111,Rychnov nad Kněžnou,51601,Církev,CPO - Evidovaná právnická osoba církve a náboženské společnosti,42887968,CZ42887968,+420494534431,,,Stacionář sv. Františka,§ 46 - Denní stacionáře
1968420,Oblastní charita Hradec Králové,Komenského ,266,Hradec Králové,50003,Církev,CPO - Evidovaná právnická osoba církve a náboženské společnosti,45979855,CZ45979855,+420495516098,,,Dům Matky Terezy Hradec Králové,§ 63 - Noclehárny
1991772,Domov důchodců Náchod,Bartoňova,903,Náchod,54701,Královehradecký kraj,p.o. - Příspěvková organizace,71193987,,+420491401400,,,Domov důchodců Náchod,§ 50 - Domovy se zvláštním režimem
2015983,Středisko sociálních služeb Chlumec nad Cidlinou o.p.s.,Palackého ,310,Chlumec nad Cidlinou,50351,Ostatní,o.p.s. - Obecně prospěšná společnost,25998846,,+420495489175,,,Středisko sociálních služeb Chlumec nad Cidlinou o.p.s.,§ 45 - Centra denních služeb
2028356,Oblastní charita Červený Kostelec,5. května ,1170,Červený Kostelec,54941,Církev,CPO - Evidovaná právnická osoba církve a náboženské společnosti,48623814,CZ48623814,+420491610300,,,Charitní pečovatelská služba Červený Kostelec,§ 40 - Pečovatelská služba
2039109,"Centrum Orion, z. s.",Dlouhá Ves ,116,Rychnov nad Kněžnou,51601,Bez zřizovatele,"S. - Sdružení (svaz, spolek, klub)",68246901,CZ68246901,+420494371928,,,Centrum Orion,§ 39 - Osobní asistence
2089762,Ústav sociální péče pro mládež Kvasiny,Kvasiny,340,Kvasiny,51702,Královehradecký kraj,p.o. - Příspěvková organizace,42886201,CZ42886201,+420494596487,,,Ústav sociální péče pro mládež Kvasiny,§ 48 - Domovy pro osoby se zdravotním postižením
2093343,"TyfloCentrum Hradec Králové, o. p. s.",Okružní ,1135,Hradec Králové,50003,Právnická osoba nebo skupina právnických osob,o.p.s. - Obecně prospěšná společnost,25975498,CZ25975498,+420495523729,,,Základní a odborné poradenství pro zrakově postižené,§ 37 - Odborné sociální poradenství
2125600,Domov důchodců ChD - Zdislava,Týnišťská,337,Třebechovice pod Orebem,50346,Obec,p.o. - Příspěvková organizace,62693743,CZ62693743,+420495592261,Město Třebechovice pod Orebem,269719,Domov důchodců ChD - Zdislava,§ 49 - Domovy pro seniory
2174839,"PROSTOR PRO, o.p.s.",Čajkovského,1861,Hradec Králové,50009,Právnická osoba nebo skupina právnických osob,o.p.s. - Obecně prospěšná společnost,70155577,,+420734574710,,,NZDM KLÍDEK,§ 62 - Nízkoprahová zařízení pro děti a mládež
2189349,"Obecný zájem, z.ú.",Gen. Govorova,575,Smiřice,50303,Bez zřizovatele,z.ú. - Zapsaný ústav,26643715,,+420731185873,,,"Obecný zájem, z.ú.",§ 44 - Odlehčovací služby
2315315,Oblastní charita Jičín,Na jihu,553,Jičín,50601,Církev,CPO - Evidovaná právnická osoba církve a náboženské společnosti,73633755,,+420733674188,,,Nízkoprahový klub EXIT,§ 62 - Nízkoprahová zařízení pro děti a mládež
2333254,Denní stacionář Klokan o. p. s.,Janderova,436,Hořice,50801,Fyzická(é) a právnická(é) osoba(y),o.p.s. - Obecně prospěšná společnost,02430428,CZ02430428,+420725977228,,,Denní stacionář Klokan,§ 46 - Denní stacionáře
2390992,"Misericordia, o.p.s.",Štefánikova,1207,Dvůr Králové nad Labem,54401,,o.p.s. - Obecně prospěšná společnost,01875248,CZ01875248,+420733741994,,,Sociální rehabilitace,§ 70 - Sociální rehabilitace
2392006,Farní charita Dvůr Králové nad Labem,Palackého,99,Dvůr Králové nad Labem,54401,Církev,CPO - Evidovaná právnická osoba církve a náboženské společnosti,43464637,,+420491616381,,,Osobní asistence,§ 39 - Osobní asistence
2438469,Oblastní spolek Českého červeného kříže Jičín,Denisova,585,Jičín,50601,Ostatní,"S. - Sdružení (svaz, spolek, klub)",00426199,CZ00426199,+420603149750,,,Azylový dům Jičín,§ 57 - Azylové domy
2495303,"Věra Kosinová - Daneta, zařízení pro zdravotně postižené",Prodloužená,226,Pardubice,53009,Fyzická(é) a právnická(é) osoba(y),FO - Fyzická osoba podnikající dle ŽZ nezapsaná v OR,48162485,CZ6256050713,+420495535955,,,"Věra Kosinová - Daneta, zařízení pro zdravotně postižené",§ 39 - Osobní asistence
2499134,Farní charita Rychnov nad Kněžnou,Palackého,111,Rychnov nad Kněžnou,51601,Církev,CPO - Evidovaná právnická osoba církve a náboženské společnosti,42887968,CZ42887968,+420494534431,,,Stacionář sv. Františka,§ 47 - Týdenní stacionáře
2506443,Městské středisko sociálních služeb Oáza,T. G. Masaryka,1424,Nové Město nad Metují,54901,Obec,p.o. - Příspěvková organizace,62730631,,+420720960155,Město Nové Město nad Metují,272876,Městské středisko sociálních služeb Oáza,§ 45 - Centra denních služeb
2514714,Pečovatelská služba Města Dvůr Králové nad Labem,Elišky Krásnohorské,2962,Dvůr Králové nad Labem,54401,Obec,p.o. - Příspěvková organizace,75065649,CZ75065649,+420734684104,město Dvůr Králové nad Labem,277819,Dům Žofie,§ 57 - Azylové domy
2540162,"Mgr. Zuzana Luňáková, Agentura domácí péče",Záhumenská,475,České Meziříčí,51771,Fyzická osoba nebo skupina osob,FO - Fyzická osoba podnikající dle ŽZ nezapsaná v OR,63213206,,+420603555813,,,"Mgr. Zuzana Luňáková, Agentura domácí péče",§ 40 - Pečovatelská služba
2583952,"Domácí hospic Duha, o. p. s.",Čsl. armády ,1815,Hořice,50801,Bez zřizovatele,o.p.s. - Obecně prospěšná společnost,26561433,CZ26561433,+420493586363,,,Sociální poradna Centra domácí hospicové péče,§ 37 - Odborné sociální poradenství
2749776,Domov důchodců Malá Čermná,Malá Čermná,42,Hronov,54931,Královehradecký kraj,p.o. - Příspěvková organizace,71193961,CZ71193961,+420491482580,,,Domov důchodců Malá Čermná,§ 49 - Domovy pro seniory
2757263,"NOMIA, z.ú.",třída Edvarda Beneše,575,Hradec Králové,50012,,z.ú. - Zapsaný ústav,03087379,,+420606824104,,,Dětské krizové centrum NOMIA,§ 60 - Krizová pomoc
2788586,Oblastní charita Trutnov,Dřevařská,332,Trutnov,54103,Církev,CPO - Evidovaná právnická osoba církve a náboženské společnosti,43465439,,+420736511527,,,ZVONEK pro rodinu,§ 65 - Sociálně aktivizační služby pro rodiny s dětmi
2801353,Domov důchodců Police nad Metují,Na Sibiři,149,Police nad Metují,54954,Královehradecký kraj,p.o. - Příspěvková organizace,71194002,CZ71194002,+420491541279,,,Domov důchodců Police nad Metují,§ 49 - Domovy pro seniory
2813024,Oblastní charita Hradec Králové,Komenského,266,Hradec Králové,50003,Církev,CPO - Evidovaná právnická osoba církve a náboženské společnosti,45979855,CZ45979855,+420495516098,,,Dům Matky Terezy Hradec Králové,§ 70 - Sociální rehabilitace
2813433,Město Úpice,Pod městem,624,Úpice,54232,Obec,OBC - Obec,00278386,,+420499859064,,,Centrum denních služeb města Úpice,§ 45 - Centra denních služeb
2837121,Domov důchodců Černožice,Revoluční ,84,Černožice,50304,Královehradecký kraj,p.o. - Příspěvková organizace,00579017,,+420725433996,,,Domov důchodců Černožice,§ 49 - Domovy pro seniory
2886510,Oblastní charita Hradec Králové,Komenského,266,Hradec Králové,50003,Církev,CPO - Evidovaná právnická osoba církve a náboženské společnosti,45979855,CZ45979855,+420495516098,,,Poradna pro lidi v tísni Hradec Králové,§ 37 - Odborné sociální poradenství
2946425,Dům s pečovatelskou službou Svoboda nad Úpou,Kostelní,526,Svoboda nad Úpou,54224,Obec,p.o. - Příspěvková organizace,49290738,CZ49290738,+420499871177,Město Svoboda nad Úpou,278335,Dům s pečovatelskou službou Svoboda nad Úpou,§ 40 - Pečovatelská služba
3028344,Most k životu o.p.s.,Šikmá,300,Trutnov,54103,Obec,o.p.s. - Obecně prospěšná společnost,25915720,CZ25915720,+420499841998,,,Most k životu o.p.s.,§ 57 - Azylové domy
3040542,"Občanské poradenské středisko, o.p.s.",Československé armády,543,Hradec Králové,50003,Fyzická osoba nebo skupina osob,o.p.s. - Obecně prospěšná společnost,25916360,,+420605462271,,,Občanská poradna Náchod,§ 37 - Odborné sociální poradenství
3054253,NAŠE ULITA z.s.,Klicperova,6,Hořice,50801,Bez zřizovatele,"S. - Sdružení (svaz, spolek, klub)",04224876,,+420777757375,,,Sociální rehabilitace Hořice,§ 70 - Sociální rehabilitace
3095940,Ústav sociálních služeb města Nové Paky,Svatojánská,494,Nová Paka,50901,Obec,p.o. - Příspěvková organizace,60117150,,+420493721443,Město Nová Paka,271888,Pečovatelská služba,§ 40 - Pečovatelská služba
3110951,Oblastní charita Trutnov,Dřevařská,332,Trutnov,54103,Církev,CPO - Evidovaná právnická osoba církve a náboženské společnosti,43465439,,+420777736079,,,Charitní ošetřovatelská a pečovatelská služba Trutnov,§ 40 - Pečovatelská služba
3135426,Ústav sociálních služeb Milíčeves,Milíčeves,1,Slatiny,50601,Obec,p.o. - Příspěvková organizace,70891931,,+420493555534,Obec Slatiny,272094,Ústav sociálních služeb Milíčeves,§ 49 - Domovy pro seniory
3198258,Společné cesty - z.s.,Hurdálkova ,147,Náchod,54701,Právnická osoba nebo skupina právnických osob,o.s. - Občanské sdružení,26597063,,+420491520308,,,Společné cesty - o.s.,§ 39 - Osobní asistence
3346325,"Centrum LIRA, z. ú.",Matoušova ,406,Liberec,46007,,z.ú. - Zapsaný ústav,28731191,,+420485109564,,,"Centrum LIRA, z. ú.",§ 54 - Raná péče
3357963,Městské středisko sociálních služeb MARIE,Bartoňova,1998,Náchod,54701,Obec,p.o. - Příspěvková organizace,70947589,,+420491423478,MÚ Náchod,272868,Domov pro seniory Marie,§ 44 - Odlehčovací služby
3446957,Domov Dědina,Nádražní,709,Opočno,51773,Královehradecký kraj,p.o. - Příspěvková organizace,42886163,CZ42886163,+420493814563,,,Domov Dědina,§ 46 - Denní stacionáře
3454870,Laxus z.ú.,Sadová,2107,Nymburk,28802,Bez zřizovatele,z.ú. - Zapsaný ústav,62695487,,+420495515907,,,Ambulantní centrum Hradec Králové,§ 64 - Služby následné péče
3473171,Domov Dědina,Nádražní ,709,Opočno,51773,Královehradecký kraj,p.o. - Příspěvková organizace,42886163,CZ42886163,+420493814563,,,Domov Dědina,§ 48 - Domovy pro osoby se zdravotním postižením
3523407,"Národní ústav pro autismus, z.ú.",Brunnerova,1011,Praha,16300,Bez zřizovatele,z.ú. - Zapsaný ústav,26623064,,+420775946370,,,Domov se zvláštním režimem pro lidi s autismem,§ 50 - Domovy se zvláštním režimem
3529182,Domov V Podzámčí,Palackého,165,Chlumec nad Cidlinou,50351,Královehradecký kraj,p.o. - Příspěvková organizace,64809234,CZ64809234,+420602455764,,,Domov V Podzámčí,§ 49 - Domovy pro seniory
3588592,"Salinger, z.s.",Gočárova třída,760,Hradec Králové,50002,Bez zřizovatele,"S. - Sdružení (svaz, spolek, klub)",67440185,,+420773800292,,,Stopa čápa,§ 65 - Sociálně aktivizační služby pro rodiny s dětmi
3595008,SKOK do života o. p. s.,Brožíkova,451,Hradec Králové,50012,Fyzická osoba nebo skupina osob,o.p.s. - Obecně prospěšná společnost,27521753,CZ27521753,+420724461105,,,"CVIČENÍ bydlení, práce, učení",§ 70 - Sociální rehabilitace
3597628,Centrum sociálních služeb Naděje Broumov,Jiráskova,193,Broumov,55001,Obec,p.o. - Příspěvková organizace,48623865,,+420774450633,Město Broumov,272523,Pečovatelská služba,§ 40 - Pečovatelská služba
3619533,Sociální služby Města Opočna,Tyršova,683,Opočno,51773,Obec,p.o. - Příspěvková organizace,27525279,,+420494667055,Město Opočno,275191,Domov pro seniory Jitřenka,§ 49 - Domovy pro seniory
3650770,Barevné domky Hajnice,Hajnice,46,Hajnice,54466,Královehradecký kraj,p.o. - Příspěvková organizace,00194972,CZ00194972,+420499300911,,,Barevné domky Hajnice,§ 70 - Sociální rehabilitace
3673053,"Apropo Jičín, o. p. s.",Soudná,13,Jičín,50601,Bez zřizovatele,o.p.s. - Obecně prospěšná společnost,01599682,,+420608225038,,,Denní stacionář APROPO,§ 46 - Denní stacionáře
3713907,Domov sociálních služeb Skřivany,Dr. Vojtěcha,93,Skřivany,50352,Královehradecký kraj,p.o. - Příspěvková organizace,00578991,CZ00578991,+420495491336,,,Domov sociálních služeb Skřivany,§ 48 - Domovy pro osoby se zdravotním postižením
3736692,"TyfloCentrum Hradec Králové, o. p. s.",Okružní,1135,Hradec Králové,50003,Právnická osoba nebo skupina právnických osob,o.p.s. - Obecně prospěšná společnost,25975498,CZ25975498,+420495523729,,,Průvodcovské a předčitatelské služby,§ 42 - Průvodcovské a předčítatelské služby
3741470,"Péče o duševní zdraví, z.s.",Bělehradská,389,Pardubice,53009,,"S. - Sdružení (svaz, spolek, klub)",64242218,,+420777915742,,,Sociální rehabilitace - středisko Jičín,§ 70 - Sociální rehabilitace
3754207,Domov důchodců Černožice,Revoluční ,84,Černožice,50304,Královehradecký kraj,p.o. - Příspěvková organizace,00579017,,+420725433996,,,Domov důchodců Černožice,§ 50 - Domovy se zvláštním režimem
3810187,Město Vrchlabí,Zámek,1,Vrchlabí,54301,Obec,OBC - Obec,278475,,+420499421961,,,Pečovatelská služba Vrchlabí,§ 40 - Pečovatelská služba
3854293,Oblastní charita Červený Kostelec,5. května,1170,Červený Kostelec,54941,Církev,CPO - Evidovaná právnická osoba církve a náboženské společnosti,48623814,CZ48623814,+420491610300,,,"Domov sv. Josefa v Žirči u Dvora Králové n. Labem, středisko OCHČK",§ 44 - Odlehčovací služby
3921078,"Spokojený domov, o.p.s.",Na Návsi,44,Mnichovo Hradiště,29501,,o.p.s. - Obecně prospěšná společnost,29043913,,+420773503840,,,"Spokojený domov, o.p.s.",§ 40 - Pečovatelská služba
3943362,Domov důchodců Lampertice,Lampertice,204,Lampertice,54101,Královehradecký kraj,p.o. - Příspěvková organizace,00195022,CZ00195022,+420499879247,,,Domov důchodců Lampertice,§ 49 - Domovy pro seniory
3961063,Oblastní charita Náchod,Mlýnská,189,Náchod,54701,Církev,CPO - Evidovaná právnická osoba církve a náboženské společnosti,46524282,,+420491433499,,,Dům na půli cesty - Náchod,§ 58 - Domy na půl cesty
3994122,Město Nové Město nad Metují,náměstí Republiky ,6,Nové Město nad Metují,54501,Obec,OBC - Obec,00272876,CZ00272876,+42495470651,,,Centrum prevence Mandl,§ 70 - Sociální rehabilitace
4007320,Domov sociálních služeb Skřivany,Dr. Vojtěcha,93,Skřivany,50352,Královehradecký kraj,p.o. - Příspěvková organizace,00578991,CZ00578991,+420495491336,,,Domov sociálních služeb Skřivany,§ 51 - Chráněné bydlení
4075651,Městské středisko sociálních služeb Oáza,T. G. Masaryka ,1424,Nové Město nad Metují,54901,Obec,p.o. - Příspěvková organizace,62730631,,+420720960155,Město Nové Město nad Metují,272876,Městské středisko sociálních služeb Oáza,§ 44 - Odlehčovací služby
4167967,Oblastní charita Červený Kostelec,5. května ,1170,Červený Kostelec,54941,Církev,CPO - Evidovaná právnická osoba církve a náboženské společnosti,48623814,CZ48623814,+420491610300,,,Domov svatého Josefa,§ 48 - Domovy pro osoby se zdravotním postižením
4271738,"Sportem proti bariérám, z. s.",Nádražní,111,Stará Paka,50791,Ostatní,"S. - Sdružení (svaz, spolek, klub)",27031161,CZ27031161,+420724729259,,,"Sportem proti bariérám, z.s.",§ 39 - Osobní asistence
4309907,Centrum sociální pomoci a služeb o. p. s.,Souběžná,1746,Hradec Králové,50012,Fyzická osoba nebo skupina osob,o.p.s. - Obecně prospěšná společnost,25999044,CZ25999044,495272242,,,Manželská a rodinná poradna Hradec Králové,§ 37 - Odborné sociální poradenství s prvky terapie
4373225,"TyfloCentrum Hradec Králové, o. p. s.",Okružní,1135,Hradec Králové,50003,Právnická osoba nebo skupina právnických osob,o.p.s. - Obecně prospěšná společnost,25975498,CZ25975498,+420495523729,,,Sociální rehabilitace pro zrakově postižené,§ 70 - Sociální rehabilitace
4381530,Sociální služby města Jičína,Hofmanova,574,Jičín,50601,Obec,p.o. - Příspěvková organizace,70888167,,+420493546228,Město Jičín,271632,Domov pro seniory,§ 49 - Domovy pro seniory
4382191,Centrum sociálních služeb Naděje Broumov,Jiráskova,193,Broumov,55001,Obec,p.o. - Příspěvková organizace,48623865,,+420775905473,Město Broumov,272523,Centrum pro rodinu - OSP,§ 37 - Odborné sociální poradenství
4382500,Domov na Stříbrném vrchu,Stříbrný vrch,199,Rokytnice v Orlických horách,51761,Královehradecký kraj,p.o. - Příspěvková organizace,70188653,CZ70188653,,,,DOMOV NA STŘÍBRNÉM VRCHU,§ 51 - Chráněné bydlení
4383860,Pečovatelská služba Trutnov,Dělnická,161,Trutnov,54101,Obec,p.o. - Příspěvková organizace,70153876,,+420739010673,Město Trutnov,278360,Pečovatelská služba Trutnov,§ 40 - Pečovatelská služba
4385424,"Tichý svět, o. p. s",Staňkovská,378,Praha,19800,Fyzická(é) a právnická(é) osoba(y),o.p.s. - Obecně prospěšná společnost,26611716,CZ26611716,+420602635100,,,"""Sociální rehabilitace """,§ 70 - Sociální rehabilitace
4396482,"Sociální služby města Rychnov nad Kněžnou, o. p. s.",Na Drahách ,1595,Rychnov nad Kněžnou,51601,Obec,o.p.s. - Obecně prospěšná společnost,27467686,,+420608768911,,,Domov pro seniory,§ 49 - Domovy pro seniory
4441304,ROZKOŠ bez RIZIKA,Vlhká,166,Brno,60200,Fyzická osoba nebo skupina osob,"S. - Sdružení (svaz, spolek, klub)",44990901,CZ44990901,+420777180186,,,Nejste na to samy - Čechy,§ 69 - Terénní programy
4461551,Oblastní charita Červený Kostelec,5. května ,1170,Červený Kostelec,54941,Církev,CPO - Evidovaná právnická osoba církve a náboženské společnosti,48623814,CZ48623814,+420491610300,,,Oblastní charita Červený Kostelec,§ 44 - Odlehčovací služby
4467429,"Salinger, z.s.",Gočárova třída,760,Hradec Králové,50002,Bez zřizovatele,"S. - Sdružení (svaz, spolek, klub)",67440185,,+420777807051,,,Centrum Síťovka,§ 65 - Sociálně aktivizační služby pro rodiny s dětmi
4497017,"Věra Kosinová - Daneta, zařízení pro zdravotně postižené",Prodloužená,226,Pardubice,53009,Fyzická(é) a právnická(é) osoba(y),FO - Fyzická osoba podnikající dle ŽZ nezapsaná v OR,48162485,CZ6256050713,+420495535955,,,"Věra Kosinová - Daneta, zařízení pro zdravotně postižené",§ 51 - Chráněné bydlení
4526227,Farní charita Dvůr Králové nad Labem,Palackého,99,Dvůr Králové nad Labem,54401,Církev,CPO - Evidovaná právnická osoba církve a náboženské společnosti,43464637,,+420491616381,,,Sociálně aktivizační služba pro rodiny s dětmi Klub Labyrint,§ 65 - Sociálně aktivizační služby pro rodiny s dětmi
4531517,Město Kostelec nad Orlicí,Palackého náměstí,38,Kostelec nad Orlicí,51741,Obec,OBC - Obec,00274968,CZ00274968,+420773781188,,,Centrum denních služeb Domovinka,§ 45 - Centra denních služeb
4533728,"Salinger, z.s.",Gočárova třída,760,Hradec Králové,50002,Bez zřizovatele,"S. - Sdružení (svaz, spolek, klub)",67440185,,+420495510208,,,Komunitní centrum ZIP,§ 65 - Sociálně aktivizační služby pro rodiny s dětmi
4547815,DUHA o. p. s.,Julia Fučíka,873,Nový Bydžov,50401,Ostatní,o.p.s. - Obecně prospěšná společnost,25999150,,+420495491000,,,DUHA o. p. s. - centrum denních služeb,§ 45 - Centra denních služeb
4659873,"Salesiánský klub mládeže, z. s. Centrum Don Bosco",Zborovské náměstí,2018,Pardubice,53002,,"S. - Sdružení (svaz, spolek, klub)",75045907,,+420731405545,,,Sociální rehabilitace Doprovázení,§ 70 - Sociální rehabilitace
4699567,Oblastní charita Hradec Králové,Komenského,266,Hradec Králové,50003,Církev,CPO - Evidovaná právnická osoba církve a náboženské společnosti,45979855,CZ45979855,+420495516098,,,Dům Matky Terezy Hradec Králové,§ 57 - Azylové domy
4720531,Sociální služby města Jičína,Hofmanova,574,Jičín,50601,Obec,p.o. - Příspěvková organizace,70888167,,+420493546211,Město Jičín,271632,Noclehárna,§ 63 - Noclehárny
4721932,Domov bez bariér,Strozziho,1333,Hořice,50801,Královehradecký kraj,p.o. - Příspěvková organizace,13583212,CZ13583212,+420493622827,,,Domov bez bariér,§ 48 - Domovy pro osoby se zdravotním postižením
4753225,Domov důchodců Dvůr Králové nad Labem,Roháčova,2968,Králové nad Labem,54401,Královehradecký kraj,p.o. - Příspěvková organizace,00194964,269 - 00194964,+420499321891,,,Domov důchodců Dvůr Králové nad Labem,§ 49 - Domovy pro seniory
4782003,Městské středisko sociálních služeb Oáza,T. G. Masaryka ,1424,Nové Město nad Metují,54901,Obec,p.o. - Příspěvková organizace,62730631,,+420720960155,Město Nové Město nad Metují,272876,Městské středisko sociálních služeb Oáza,§ 49 - Domovy pro seniory
4878719,Sociální služby města Hořice,Riegrova,2111,Hořice,50801,Obec,p.o. - Příspěvková organizace,70889961,CZ70889961,+420493624083,Město Hořice,271560,Sociální služby města Hořice,§ 40 - Pečovatelská služba
4885366,Aspekt z.s.,Palackého,71,Náchod,54701,,"S. - Sdružení (svaz, spolek, klub)",22729305,,+420774120712,,,Podporované zaměstnávání,§ 70 - Sociální rehabilitace
4936413,Město Rokytnice v Orlických horách,náměstí Jindřicha Šimka,3,Rokytnice v Orlických horách,51761,Obec,OBC - Obec,00275301,CZ00275301,+420491616996,,,Pečovatelská služba Rokytnice v Orlických horách,§ 40 - Pečovatelská služba
4987165,Centrum sociálních služeb Naděje Broumov,Jiráskova,193,Broumov,55001,Obec,p.o. - Příspěvková organizace,48623865,,+420775905473,Město Broumov,272523,Centrum pro rodinu - SAS,§ 65 - Sociálně aktivizační služby pro rodiny s dětmi
5000179,Barevné domky Hajnice,Hajnice,46,Hajnice,54466,Královehradecký kraj,p.o. - Příspěvková organizace,00194972,CZ00194972,+420499300911,,,Domov pro osoby se zdravotním postižením,§ 48 - Domovy pro osoby se zdravotním postižením
5002625,"Centrum pro dětský sluch Tamtam, o.p.s.",Hábova,1571,Praha,15500,Právnická osoba nebo skupina právnických osob,o.p.s. - Obecně prospěšná společnost,00499811,,+420251510744,,,Raná péče Čechy,§ 54 - Raná péče
5020855,"Centrum Orion, z. s.",Dlouhá Ves ,116,Rychnov nad Kněžnou,51601,Bez zřizovatele,"S. - Sdružení (svaz, spolek, klub)",68246901,CZ68246901,+420494371928,,,Centrum Orion,§ 45 - Centra denních služeb
5040302,Domov důchodců Humburky,Humburky,100,Humburky,50401,Královehradecký kraj,p.o. - Příspěvková organizace,61222836,,+420495490339,,,Domov důchodců Humburky,§ 49 - Domovy pro seniory
5060032,"Pracoviště pečovatelské péče, o. p. s.",Pražská třída ,231,Hradec Králové,50004,,o.p.s. - Obecně prospěšná společnost,02405661,CZ02405661,+420603555833,,,"Pracoviště pečovatelské péče, o. p. s.",§ 44 - Odlehčovací služby
5133257,"NOMIA, z.ú.",třída Edvarda Beneše,575,Hradec Králové,50012,,z.ú. - Zapsaný ústav,03087379,,+420606824104,,,Poradna pro oběti násilí a trestné činnosti NOMIA,§ 37 - Odborné sociální poradenství
5141443,Město Miletín,náměstí K. J. Erbena,99,Miletín,50771,Obec,OBC - Obec,00271811,,+420493693132,,,Dům s pečovatelskou službou,§ 40 - Pečovatelská služba
5173305,Stacionář mezi mosty Trutnov,Náchodská,359,Trutnov,54101,Obec,p.o. - Příspěvková organizace,70153884,,+420499826631,Město Trutnov,278360,Stacionář mezi mosty Trutnov,§ 46 - Denní stacionáře
5175408,Středisko sociálních služeb Chlumec nad Cidlinou o.p.s.,Palackého,310,Chlumec nad Cidlinou,50351,Ostatní,o.p.s. - Obecně prospěšná společnost,25998846,,+420495489175,,,Středisko sociálních služeb Chlumec nad Cidlinou o.p.s.,§ 40 - Pečovatelská služba
5204562,Město Úpice,Pod městem,624,Úpice,54232,Obec,OBC - Obec,00278386,,+420499859064,,,Pečovatelská služba města Úpice,§ 40 - Pečovatelská služba
5220717,Domov na Stříbrném vrchu,Stříbrný vrch,199,Rokytnice v Orlických horách,51761,Královehradecký kraj,p.o. - Příspěvková organizace,70188653,CZ70188653,+420494595117,,,DOMOV NA STŘÍBRNÉM VRCHU,§ 50 - Domovy se zvláštním režimem
5312119,"Dětské centrum Jilemnice, příspěvková organizace",Roztocká,994,Jilemnice,51401,Obec,p.o. - Příspěvková organizace,68247877,,605437137,Město Jilemnice,275808,Týdenní stacionáře,§ 47 - Týdenní stacionáře
5344327,Sociální služby města Hořice,Riegrova,2111,Hořice,50801,Obec,p.o. - Příspěvková organizace,70889961,CZ70889961,+420493621068,Město Hořice,271560,Sociální služby města Hořice,§ 49 - Domovy pro seniory
5369609,Začít spolu z.s.,třída Soukenická,16,Broumov,55001,Královehradecký kraj,o.s. - Občanské sdružení,68208944,CZ68208944,+420491616028,,,KOMUNITNÍ CENTRUM,§ 65 - Sociálně aktivizační služby pro rodiny s dětmi
5376966,Oblastní charita Hradec Králové,Komenského,266,Hradec Králové,50003,Církev,CPO - Evidovaná právnická osoba církve a náboženské společnosti,45979855,CZ45979855,+420495516098,,,Charitní pečovatelská služba Hradec Králové,§ 40 - Pečovatelská služba
5539112,"Život bez bariér, z. ú.",Lomená,533,Nová Paka,50901,Právnická osoba nebo skupina právnických osob,z.ú. - Zapsaný ústav,26652561,CZ26652561,+420493724159,,,"Život bez bariér, o. s. - Centrum Klášter",§ 46 - Denní stacionáře
5599785,"Sociální služby města Rychnov nad Kněžnou, o. p. s.",Na Drahách ,1595,Rychnov nad Kněžnou,51601,Obec,o.p.s. - Obecně prospěšná společnost,27467686,,+420608768911,,,"Sociální služby města Rychnov nad Kněžnou, o. p. s.",§ 46 - Denní stacionáře
5638901,Domov V Podzámčí,Palackého,165,Chlumec nad Cidlinou,50351,Královehradecký kraj,p.o. - Příspěvková organizace,64809234,CZ64809234,+420602455764,,,Domov V Podzámčí,§ 50 - Domovy se zvláštním režimem
5646573,Diecézní katolická charita Hradec Králové,Velké náměstí ,37,Hradec Králové,50003,Církev,CPO - Evidovaná právnická osoba církve a náboženské společnosti,42197449,CZ42197449,+420731402290,,,Poradna pro cizince a uprchlíky,§ 37 - Odborné sociální poradenství
5651221,Domov Dolní zámek,náměstí Aloise Jiráska,44,Teplice nad Metují,54957,Královehradecký kraj,p.o. - Příspěvková organizace,71194011,CZ71194011,+42049158170,,,Domov Dolní zámek,§ 50 - Domovy se zvláštním režimem
5700178,"TyfloCentrum Hradec Králové, o. p. s.",Okružní,1135,Hradec Králové,50003,Právnická osoba nebo skupina právnických osob,o.p.s. - Obecně prospěšná společnost,25975498,CZ25975498,+420495523729,,,Základní a odborné poradenství pro zrakově postižené,§ 37 - Odborné sociální poradenství
5703553,Sociální služby města Jičína,Hofmanova,574,Jičín,50601,Obec,p.o. - Příspěvková organizace,70888167,,+420493546240,Město Jičín,271632,Chráněné bydlení,§ 51 - Chráněné bydlení
5792625,Centrum sociální pomoci a služeb o. p. s.,Souběžná,1746,Hradec Králové,50012,Fyzická osoba nebo skupina osob,o.p.s. - Obecně prospěšná společnost,25999044,CZ25999044,495272242,,,Manželská a rodinná poradna Náchod,§ 37 - Odborné sociální poradenství s prvky terapie
5804478,Domov U Biřičky,K Biřičce,1240,Hradec Králové,50008,Královehradecký kraj,p.o. - Příspěvková organizace,00579033,,+420495405311,,,"Domov U Biřičky,Hradec Králové",§ 50 - Domovy se zvláštním režimem
5814347,Laxus z.ú.,Sadová,2107,Nymburk,28802,Bez zřizovatele,z.ú. - Zapsaný ústav,62695487,,+420495401565,,,K - centrum Hradec Králové,§ 59 - Kontaktní centra
5869239,Domovy Na Třešňovce,Riegrova,837,Česká Skalice,55203,Královehradecký kraj,p.o. - Příspěvková organizace,71193952,,+420491401888,,,domov pro seniory,§ 49 - Domovy pro seniory
5871375,SKOK do života o. p. s.,Brožíkova,451,Hradec Králové,50012,Fyzická osoba nebo skupina osob,o.p.s. - Obecně prospěšná společnost,27521753,CZ27521753,+420724461105,,,Chráněné BYDLENÍ v síti,§ 51 - Chráněné bydlení
5894253,Oblastní charita Sobotka,Malé náměstí ,2,Sobotka,50743,Církev,CPO - Evidovaná právnická osoba církve a náboženské společnosti,44477309,,+420493571156,,,Oblastní charita Sobotka - Domov pokojného stáří Libošovice,§ 49 - Domovy pro seniory
5903063,Oblastní charita Hradec Králové,Komenského,266,Hradec Králové,50003,Církev,CPO - Evidovaná právnická osoba církve a náboženské společnosti,45979855,CZ45979855,+420495516098,,,Poradna Domácí hospicové péče Hradec Králové,§ 37 - Odborné sociální poradenství
5922905,Sdružení ozdravoven a léčeben okresu Trutnov,Procházkova,818,Trutnov,54101,Královehradecký kraj,p.o. - Příspěvková organizace,00195201,CZ00195201,+420731441268,,,Nízkoprahové zařízení pro děti a mládež - RIAPS - Shelter,§ 62 - Nízkoprahová zařízení pro děti a mládež
5943218,"KŘESADLO HK - Centrum pomoci lidem s PAS, z.ú.",Mrštíkova,934,Hradec Králové,50009,,z.ú. - Zapsaný ústav,3847926,CZ03847926,+420777009038,,,"KŘESADLO HK - Centrum pomoci lidem s PAS, z.ú.",§ 70 - Sociální rehabilitace
5945407,Město Vrchlabí,Zámek,1,Vrchlabí,54301,Obec,OBC - Obec,00278475,,+420736171732,,,Město Vrchlabí,§ 70 - Sociální rehabilitace
5947102,Oblastní charita Červený Kostelec,5. května ,1170,Červený Kostelec,54941,Církev,CPO - Evidovaná právnická osoba církve a náboženské společnosti,48623814,CZ48623814,+420491610300,,,Oblastní charita Červený Kostelec,§ 41 - Tísňová péče
5991938,"PROINTEPO - Střední škola, Základní škola a Mateřská škola s.r.o.",Hrubínova,1458,Hradec Králové,50002,Ostatní,s.r.o. - Společnost s ručením omezeným,25263633,CZ25263633,+420495538989,,,Osobní asistence,§ 39 - Osobní asistence
6152074,"Apropo Jičín, o. p. s.",Soudná,13,Jičín,50601,Bez zřizovatele,o.p.s. - Obecně prospěšná společnost,01599682,,+420608225038,,,Osobní asistence APROPO,§ 39 - Osobní asistence
6161785,Oblastní charita Náchod,Mlýnská,189,Náchod,54701,Církev,CPO - Evidovaná právnická osoba církve a náboženské společnosti,46524282,,+420491433499,,,Charitní pečovatelská služba Náchod,§ 40 - Pečovatelská služba
6163071,Barevné domky Hajnice,Hajnice,46,Hajnice,54466,Královehradecký kraj,p.o. - Příspěvková organizace,00194972,CZ00194972,+420499300911,,,Sociálně terapeutická dílna,§ 67 - Sociálně terapeutické dílny
6181040,Město Česká Skalice,třída T. G. Masaryka,80,Česká Skalice,55203,,OBC - Obec,00272591,CZ00272591,+420734255074,,,Pečovatelská služba Česká Skalice,§ 40 - Pečovatelská služba
6191102,Centrum sociální pomoci a služeb o. p. s.,Souběžná,1746,Hradec Králové,50012,Fyzická osoba nebo skupina osob,o.p.s. - Obecně prospěšná společnost,25999044,CZ25999044,495272242,,,Manželská a rodinná poradna Rychnov n.Kn.,§ 37 - Odborné sociální poradenství s prvky terapie
6232669,Město Hronov,nám. Čs. Armády,5,Hronov,54931,Obec,OBC - Obec,00272680,,+420491482716,,,Pečovatelská služba Hronov,§ 40 - Pečovatelská služba
6361701,Diakonie ČCE - středisko Světlo ve Vrchlabí,Komenského,616,Vrchlabí,54301,Církev,CPO - Evidovaná právnická osoba církve a náboženské společnosti,43464343,CZ43464343,+420733780504,,,Sociálně aktivizační služby,§ 65 - Sociálně aktivizační služby pro rodiny s dětmi
6375207,Ústav sociální péče pro mládež DOMEČKY,Jiráskova,1612,Rychnov nad Kněžnou,51601,Královehradecký kraj,p.o. - Příspěvková organizace,42886210,,+420603806111,,,Ústav sociální péče pro mládež DOMEČKY,§ 44 - Odlehčovací služby
6428468,Město Jaroměř,nám. Československé armády ,16,Jaroměř,55101,Obec,OBC - Obec,00272728,CZ00272728,+420491816510,,,Město Jaroměř Pečovatelská služba,§ 40 - Pečovatelská služba
6447139,Diakonie ČCE - středisko Světlo ve Vrchlabí,Komenského,616,Vrchlabí,54301,Církev,CPO - Evidovaná právnická osoba církve a náboženské společnosti,43464343,CZ43464343,+420499423566,,,Pracoviště rané péče Diakonie ČCE - středisko Světlo ve Vrchlabí,§ 54 - Raná péče
6466112,Oblastní charita Červený Kostelec,5. května ,1170,Červený Kostelec,54941,Církev,CPO - Evidovaná právnická osoba církve a náboženské společnosti,48623814,CZ48623814,+420491610300,,,Oblastní charita Červený Kostelec,§ 37 - Odborné sociální poradenství
6473703,PFERDA z.ú.,Panská,79,Rychnov nad Kněžnou,51601,,z.ú. - Zapsaný ústav,26657431,CZ26657431,+420722922433,,,Tréninková kavárna Láry Fáry 2,§ 70 - Sociální rehabilitace
6514817,Domov Dědina,Nádražní ,709,Opočno,51773,Královehradecký kraj,p.o. - Příspěvková organizace,42886163,CZ42886163,+420493814563,,,Chráněné bydlení,§ 51 - Chráněné bydlení
6565086,"Centrum pro integraci osob se zdravotním postižením Královéhradeckého kraje, o. p. s.",Jana Černého,8,Hradec Králové,50341,Právnická osoba nebo skupina právnických osob,o.p.s. - Obecně prospěšná společnost,26594145,CZ26594145,+420495538867,,,Centrum pro zdravotně postižené Královéhradeckého kraje,§ 37 - Odborné sociální poradenství
6565956,Domov pro seniory Vrchlabí,Žižkova ,590,Vrchlabí,54301,Královehradecký kraj,p.o. - Příspěvková organizace,00194891,CZ00194891,+420499405250,,,Domov pro seniory Vrchlabí,§ 49 - Domovy pro seniory
6581899,Domov důchodců Borohrádek,Rudé armády,1,Borohrádek,51724,Královehradecký kraj,p.o. - Příspěvková organizace,42886180,CZ42886180,+420494381234,,,Domov důchodců Borohrádek,§ 49 - Domovy pro seniory
6585534,Oblastní charita Hradec Králové,Komenského,266,Hradec Králové,50003,Církev,CPO - Evidovaná právnická osoba církve a náboženské společnosti,45979855,CZ45979855,+420495516098,,,Intervenční centrum Hradec Králové,§ 60 a) - Intervenční centra
6607461,Oblastní charita Jičín,Na jihu,553,Jičín,50601,Církev,CPO - Evidovaná právnická osoba církve a náboženské společnosti,73633755,,+420733674188,,,Nízkoprahový klub Nová Paka,§ 62 - Nízkoprahová zařízení pro děti a mládež
6627771,Oblastní charita Červený Kostelec,5. května ,1170,Červený Kostelec,54941,Církev,CPO - Evidovaná právnická osoba církve a náboženské společnosti,48623814,CZ48623814,+420491610300,,,"Domov sv. Josefa v Žirči u Dvora Králové n. Labem, středisko OCHČK",§ 51 - Chráněné bydlení
6630553,"Centrum pro integraci osob se zdravotním postižením Královéhradeckého kraje, o. p. s.",Jana Černého,8,Hradec Králové,50341,Právnická osoba nebo skupina právnických osob,o.p.s. - Obecně prospěšná společnost,26594145,CZ26594145,+420495538867,,,Centrum pro zdravotně postižené Královéhradeckého kraje,§ 66 - Sociálně aktivizační služby pro seniory a osoby se zdravotním postižením
6684022,"NONA 92, o. p. s.",Rašínova,313,Nové Město nad Metují,54901,Fyzická(é) a právnická(é) osoba(y),o.p.s. - Obecně prospěšná společnost,46524339,CZ46524339,+420491472694,,,Stacionář NONA,§ 46 - Denní stacionáře
6697882,Město Teplice nad Metují,Rooseveltova,15,Teplice nad Metují,54957,Obec,OBC - Obec,00273139,,+420491581207,,,Pečovatelská služba Teplice nad Metují,§ 40 - Pečovatelská služba
6698987,"OD5K10, z. s.",Komenského,39,Rychnov nad Kněžnou,51601,Bez zřizovatele,"S. - Sdružení (svaz, spolek, klub)",22690361,CZ22690361,+420775475796,,,Občanská poradna Rychnov nad Kněžnou,§ 37 - Odborné sociální poradenství
6749255,DUHA o. p. s.,Julia Fučíka,873,Nový Bydžov,50401,Ostatní,o.p.s. - Obecně prospěšná společnost,25999150,,+420736601096,,,DUHA o. p. s. - odlehčovací služba,§ 44 - Odlehčovací služby
6811251,"TyfloCentrum Hradec Králové, o. p. s.",Okružní,1135,Hradec Králové,50003,Právnická osoba nebo skupina právnických osob,o.p.s. - Obecně prospěšná společnost,25975498,CZ25975498,+420495523729,,,Základní a odborné poradenství pro zrakově postižené,§ 37 - Odborné sociální poradenství
6907978,"Dětské centrum Jilemnice, příspěvková organizace",Roztocká,994,Jilemnice,51401,Obec,p.o. - Příspěvková organizace,68247877,,605437137,Město Jilemnice,275808,Odlehčovací služby,§ 44 - Odlehčovací služby
6945387,Domovy Na Třešňovce,Riegrova,837,Česká Skalice,55203,Královehradecký kraj,p.o. - Příspěvková organizace,71193952,,+420491401888,,,domov pro osoby se zdravotním postižením,§ 48 - Domovy pro osoby se zdravotním postižením
6948137,"Péče o duševní zdraví, z.s.",Bělehradská,389,Pardubice,53009,,"S. - Sdružení (svaz, spolek, klub)",64242218,,+420777915742,,,Sociální rehabilitace - středisko Rychnov nad Kněžnou,§ 70 - Sociální rehabilitace
6989404,DUHA o. p. s.,Julia Fučíka,873,Nový Bydžov,50401,Ostatní,o.p.s. - Obecně prospěšná společnost,25999150,,+420736601096,,,NZDM DoPatra,§ 62 - Nízkoprahová zařízení pro děti a mládež
7071797,Domov V Podzámčí,Palackého,165,Chlumec nad Cidlinou,50351,Královehradecký kraj,p.o. - Příspěvková organizace,64809234,CZ64809234,+420602455764,,,Domov V Podzámčí,§ 44 - Odlehčovací služby
7175172,"Tyfloservis, o.p.s.",Krakovská,1695,Praha,11000,Právnická osoba nebo skupina právnických osob,o.p.s. - Obecně prospěšná společnost,26200481,,+420495273636,,,"Tyfloservis, o.p.s. - Krajské ambulantní středisko H.Králové",§ 70 - Sociální rehabilitace
7201840,"Sociální služby města Rychnov nad Kněžnou, o. p. s.",Na Drahách ,1595,Rychnov nad Kněžnou,51601,Obec,o.p.s. - Obecně prospěšná společnost,27467686,,+420608768911,,,Sociální služby města Rychnov nad Kněžnou o. p. s.,§ 40 - Pečovatelská služba
7218817,"Život bez bariér, z. ú.",Lomená,533,Nová Paka,50901,Právnická osoba nebo skupina právnických osob,z.ú. - Zapsaný ústav,26652561,CZ26652561,+420493724159,,,"Život bez bariér, o. s.",§ 70 - Sociální rehabilitace
7259548,Městské středisko sociálních služeb MARIE,Bartoňova,1998,Náchod,54701,Obec,p.o. - Příspěvková organizace,70947589,,+420491426539,MÚ Náchod,272868,Pečovatelská služba,§ 40 - Pečovatelská služba
7268793,Centrum sociální pomoci a služeb o. p. s.,Souběžná,1746,Hradec Králové,50012,Fyzická osoba nebo skupina osob,o.p.s. - Obecně prospěšná společnost,25999044,CZ25999044,495272242,,,Denní stacionář pro seniory,§ 46 - Denní stacionáře
7365832,"Apropo Jičín, o. p. s.",Soudná,13,Jičín,50601,Bez zřizovatele,o.p.s. - Obecně prospěšná společnost,01599682,,+420607098772,,,Sociálně terapeutické dílny A jde to,§ 67 - Sociálně terapeutické dílny
7381195,"NONA 92, o. p. s.",Rašínova,313,Nové Město nad Metují,54901,Fyzická(é) a právnická(é) osoba(y),o.p.s. - Obecně prospěšná společnost,46524339,CZ46524339,+420606745986,,,Sociální rehabilitace NONA,§ 70 - Sociální rehabilitace
7384495,Domov na Stříbrném vrchu,Stříbrný vrch,199,Rokytnice v Orlických horách,51761,Královehradecký kraj,p.o. - Příspěvková organizace,70188653,CZ70188653,+420739460286,,,DOMOV NA STŘÍBRNÉM VRCHU,§ 70 - Sociální rehabilitace
7399132,Geriatrické centrum Týniště nad Orlicí,Turkova,785,Týniště nad Orlicí,51721,Obec,p.o. - Příspěvková organizace,42886198,CZ42886198,+420494371380,Město Týniště nad Orlicí,275468,Geriatrické centrum Týniště nad Orlicí,§ 40 - Pečovatelská služba
7459230,Oblastní charita Trutnov,Dřevařská,332,Trutnov,54103,Církev,CPO - Evidovaná právnická osoba církve a náboženské společnosti,43465439,,+420733755828,,,Osobní asistence,§ 39 - Osobní asistence
7566271,"HEWER, z.s.",Černokostelecká,2020,Praha,10000,Bez zřizovatele,"S. - Sdružení (svaz, spolek, klub)",66000653,,+420736505406,,,Středisko osobní asistence Hradecko,§ 39 - Osobní asistence
7630615,Domov U Biřičky,K Biřičce,1240,Hradec Králové,50008,Královehradecký kraj,p.o. - Příspěvková organizace,00579033,,+420495405311,,,"Domov U Biřičky, Hradec Králové",§ 49 - Domovy pro seniory
7634996,Farní charita Dvůr Králové nad Labem,Palackého,99,Dvůr Králové nad Labem,54401,Církev,CPO - Evidovaná právnická osoba církve a náboženské společnosti,43464637,,+420491616381,,,Občanská poradna Jaroměř,§ 37 - Odborné sociální poradenství
7653065,Farní charita Dvůr Králové nad Labem,Palackého,99,Dvůr Králové nad Labem,54401,Církev,CPO - Evidovaná právnická osoba církve a náboženské společnosti,43464637,,+420491616381,,,Sociálně terapeutická dílna Slunečnice,§ 67 - Sociálně terapeutické dílny
7663376,Domov důchodců Tmavý Důl,Tmavý Důl,633,Rtyně v Podkrkonoší,54234,Královehradecký kraj,p.o. - Příspěvková organizace,00194913,CZ00194913,+420499859007,,,Domov se zvláštním reřimem,§ 50 - Domovy se zvláštním režimem
7702105,Město Lázně Bělohrad,Náměstí K. V. Raise,35,Lázně Bělohrad,50781,Obec,OBC - Obec,00271730,CZ00271730,+420493035148,,,Pečovatelská služba,§ 40 - Pečovatelská služba
7741294,Oblastní charita Červený Kostelec,5. května ,1170,Červený Kostelec,54941,Církev,CPO - Evidovaná právnická osoba církve a náboženské společnosti,48623814,CZ48623814,+420491610300,,,Charitní pečovatelská služba Hostinné,§ 40 - Pečovatelská služba
7790627,Diakonie ČCE - středisko Světlo ve Vrchlabí,Komenského,616,Vrchlabí,54301,Církev,CPO - Evidovaná právnická osoba církve a náboženské společnosti,43464343,CZ43464343,+420499423566,,,Sociální rehabilitace,§ 70 - Sociální rehabilitace
7805491,PFERDA z.ú.,Panská,79,Rychnov nad Kněžnou,51601,,z.ú. - Zapsaný ústav,26657431,CZ26657431,+420722944446,,,Tréninkový byt,§ 70 - Sociální rehabilitace
7832444,Oblastní charita Hradec Králové,Komenského,266,Hradec Králové,50003,Církev,CPO - Evidovaná právnická osoba církve a náboženské společnosti,45979855,CZ45979855,+420495516098,,,Dům Matky Terezy Hradec Králové,§ 61 - Nízkoprahová denní centra
7846871,SKOK do života o. p. s.,Brožíkova,451,Hradec Králové,50012,Fyzická osoba nebo skupina osob,o.p.s. - Obecně prospěšná společnost,27521753,CZ27521753,+420724461105,,,Podporované BYDLENÍ v síti,§ 43 - Podpora samostatného bydlení
7857005,Diakonie ČCE - středisko ve Dvoře Králové nad Labem,nábřeží Benešovo,1067,Dvůr Králové nad Labem,54401,Církev,CPO - Evidovaná právnická osoba církve a náboženské společnosti,43462162,,+420499621094,,,Domov Diakonie,§ 49 - Domovy pro seniory
7916274,Centrum sociálních služeb Naděje Broumov,Jiráskova,193,Broumov,55001,Obec,p.o. - Příspěvková organizace,48623865,,+420491814009,Město Broumov,272523,Domov pro seniory,§ 49 - Domovy pro seniory
7947229,"PROSTOR PRO, o.p.s.",Čajkovského,1861,Hradec Králové,50009,Právnická osoba nebo skupina právnických osob,o.p.s. - Obecně prospěšná společnost,70155577,,+420734574710,,,NZDM KLUBÍK,§ 62 - Nízkoprahová zařízení pro děti a mládež
8051895,"Sdružení Neratov, z.s.",Bartošovice v Orlických horách,84,Bartošovice v Orlických horách,551761,Právnická osoba nebo skupina právnických osob,"S. - Sdružení (svaz, spolek, klub)",46456970,CZ46456970,+420494530059,,,Chráněné bydlení Domov,§ 51 - Chráněné bydlení
8090757,Diakonie ČCE - středisko Světlo ve Vrchlabí,Komenského,616,Vrchlabí,54301,Církev,CPO - Evidovaná právnická osoba církve a náboženské společnosti,43464343,CZ43464343,+420499423566,,,Centrum denních služeb,§ 45 - Centra denních služeb
8098643,KAMARÁD Jičín z.s.,Vrchlického,823, Jičín,50601,Fyzická osoba nebo skupina osob,"S. - Sdružení (svaz, spolek, klub)",68247125,,775995247,,,Sociální rehabilitace Kamarád,§ 70 - Sociální rehabilitace
8102124,Farní charita Dvůr Králové nad Labem,Palackého,99,Dvůr Králové nad Labem,54401,Církev,CPO - Evidovaná právnická osoba církve a náboženské společnosti,43464637,,+420491616381,,,Nízkoprahové zařízení pro děti a mládež Střelka,§ 62 - Nízkoprahová zařízení pro děti a mládež
8172268,"Péče o duševní zdraví, z.s.",Bělehradská,389,Pardubice,53009,,"S. - Sdružení (svaz, spolek, klub)",64242218,,+420777915742,,,Sociální rehabilitace - středisko Hradec Králové,§ 70 - Sociální rehabilitace
8289298,Farní charita Dvůr Králové nad Labem,Palackého,99,Dvůr Králové nad Labem,54401,Církev,CPO - Evidovaná právnická osoba církve a náboženské společnosti,43464637,,+420491616381,,,Občanská poradna Dvůr Králové nad Labem,§ 37 - Odborné sociální poradenství
8299792,"KŘESADLO HK - Centrum pomoci lidem s PAS, z.ú.",Mrštíkova,934,Hradec Králové,50009,,z.ú. - Zapsaný ústav,03847926,CZ03847926,+420777009038,,,"Křesadlo HK - centrum pomoci lidem s PAS, z. ú.",§ 37 - Odborné sociální poradenství
8314639,Sdružení ozdravoven a léčeben okresu Trutnov,Procházkova,818,Trutnov,54101,Královehradecký kraj,p.o. - Příspěvková organizace,00195201,CZ00195201,+420499814890,,,Manželská a rodinná poradna,§ 37 - Odborné sociální poradenství s prvky terapie
8338145,Domov na Stříbrném vrchu,Stříbrný vrch,199,Rokytnice v Orlických horách,51761,Královehradecký kraj,p.o. - Příspěvková organizace,70188653,CZ70188653,+420494595117,,,DOMOV NA STŘÍBRNÉM VRCHU,§ 48 - Domovy pro osoby se zdravotním postižením
8350990,"OD5K10, z. s.",Komenského,39,Rychnov nad Kněžnou,51601,Bez zřizovatele,"S. - Sdružení (svaz, spolek, klub)",22690361,CZ22690361,+420728939412,,,Centrum 5KA,§ 62 - Nízkoprahová zařízení pro děti a mládež
8365172,Hradecké centrum pro osoby se sluchovým postižením o.p.s.,Milady Horákové,504,Hradec Králové,50006,,o.p.s. - Obecně prospěšná společnost,01994352,CZ01994352,773592326,,,Tlumočnické služby,§ 56 - Tlumočnické služby
8382823,Dokořán z.s.,Komenského,577,Náchod,54701,Právnická osoba nebo skupina právnických osob,"S. - Sdružení (svaz, spolek, klub)",62726714,,+420774929182,,,ARCHA,§ 65 - Sociálně aktivizační služby pro rodiny s dětmi
8411392,"Salinger, z.s.",Gočárova třída,760,Hradec Králové,50002,Bez zřizovatele,"S. - Sdružení (svaz, spolek, klub)",67440185,,+420777041030,,,Nízkoprahové zařízení pro děti a mládež Modrý pomeranč,§ 62 - Nízkoprahová zařízení pro děti a mládež
8430922,"Vyšší odborná škola, Střední škola, Základní škola a Mateřská škola, Hradec Králové, Štefánikova 549",Štefánikova ,549,Hradec Králové,50011,Královehradecký kraj,p.o. - Příspěvková organizace,62690361,,+420775678493,,,Centrum tlumočnických služeb,§ 56 - Tlumočnické služby
8504548,Barevné domky Hajnice,Hajnice,46,Hajnice,54466,Královehradecký kraj,p.o. - Příspěvková organizace,00194972,CZ00194972,+420499300911,,,Chráněné bydlení,§ 51 - Chráněné bydlení
8508078,Domov důchodců Náchod,Bartoňova,903,Náchod,54701,Královehradecký kraj,p.o. - Příspěvková organizace,71193987,,+420491401400,,,Domov důchodců Náchod,§ 49 - Domovy pro seniory
8522302,Město Rtyně v Podkrkonoší,Hronovská,431,Rtyně v Podkrkonoší,54233,Bez zřizovatele,OBC - Obec,00278238,CZ00278238,+420499888140,,,Pečovatelská služba,§ 40 - Pečovatelská služba
8535980,"Centrum pro dětský sluch Tamtam, o.p.s.",Hábova,1571,Praha,15500,Právnická osoba nebo skupina právnických osob,o.p.s. - Obecně prospěšná společnost,00499811,,+420251510744,,,Sociálně aktivizační služby pro rodiny s dětmi,§ 65 - Sociálně aktivizační služby pro rodiny s dětmi
8615860,"Centrum psychologické podpory, z. s.",Horní Lánov,67,Lánov,54341,Právnická osoba nebo skupina právnických osob,"S. - Sdružení (svaz, spolek, klub)",03359344,CZ03359344,+420603745282,,,Manželská a rodinná poradna,§ 37 - Odborné sociální poradenství
8635813,Domov odpočinku ve stáří Justynka,Komenského náměstí,212,Hronov,54931,Obec,p.o. - Příspěvková organizace,62726226,,+420491482462,Město Hronov,272680,Domov odpočinku ve stáří Justynka,§ 49 - Domovy pro seniory
8849001,"Občanské poradenské středisko, o.p.s.",Československé armády,543,Hradec Králové,50003,Fyzická osoba nebo skupina osob,o.p.s. - Obecně prospěšná společnost,25916360,,+420605462271,,,Občanská poradna Hradec Králové,§ 37 - Odborné sociální poradenství
8877013,Geriatrické centrum Týniště nad Orlicí,Turkova,785,Týniště nad Orlicí,51721,Obec,p.o. - Příspěvková organizace,42886198,CZ42886198,+420494371380,Město Týniště nad Orlicí,275468,Geriatrické centrum Týniště nad Orlicí,§ 49 - Domovy pro seniory
8902089,Farní charita Dobruška,Kostelní,259,Dobruška,51801,Církev,CPO - Evidovaná právnická osoba církve a náboženské společnosti,73635391,,+420723539100,,,Osobní asistence,§ 39 - Osobní asistence
8936486,Diakonie ČCE - středisko ve Dvoře Králové nad Labem,nábřeží Benešovo,1067,Dvůr Králové nad Labem,54401,Církev,CPO - Evidovaná právnická osoba církve a náboženské společnosti,43462162,,+420499621094,,,Domov Diakonie,§ 50 - Domovy se zvláštním režimem
8946698,Diakonie ČCE - středisko Milíčův dům,Havlíčkova ,14,Jaroměř,55101,Církev,CPO - Evidovaná právnická osoba církve a náboženské společnosti,46503561,,+420491815169,,,SAS Alternativa,§ 65 - Sociálně aktivizační služby pro rodiny s dětmi
8979890,Stacionář Cesta Náchod z.ú.,Vítkova,3,Náchod,54701,Právnická osoba nebo skupina právnických osob,z.ú. - Zapsaný ústav,48653292,,+420737219833,,,Denní stacionář,§ 46 - Denní stacionáře
8982230,Sociální služby obce Chomutice - Domov pro seniory,Chomutice,11,Chomutice,50801,Obec,p.o. - Příspěvková organizace,70891940,CZ70891940,+420702195868,Obec Chomutice,271594,Sociální služby obce Chomutice - Domov pro seniory,§ 49 - Domovy pro seniory
8984742,"Občanské poradenské středisko, o.p.s.",Československé armády,543,Hradec Králové,50003,Fyzická osoba nebo skupina osob,o.p.s. - Obecně prospěšná společnost,25916360,,+420605462271,,,Občanská poradna Jičín,§ 37 - Odborné sociální poradenství
9000001,"Domácí hospic Duha, o. p. s.",Čsl. armády ,1815,Hořice,50801,Bez zřizovatele,o.p.s. - Obecně prospěšná společnost,26561433,CZ26561433,+420608151200,,,Domácí hospic Duha - hospicová péče,§ 90 - Hospicová péče terén
9000002,"Domácí hospic Setkání, o.p.s.",Hrdinů odboje,1017,Rychnov nad Kněžnou,51601,,o.p.s. - Obecně prospěšná společnost,02305291,,+420733694162,,,Setkání - Hospicová péče,§ 90 - Hospicová péče terén
9000003,Oblastní charita Hradec Králové,Komenského,266,Hradec Králové,50003,Církev,CPO - Evidovaná právnická osoba církve a náboženské společnosti,45979855,CZ45979855,+420773621380,,,OCHHK - Hospicová péče,§ 90 - Hospicová péče terén
9000004,Oblastní charita Červený Kostelec,5. května ,1170,Červený Kostelec,54941,Církev,CPO - Evidovaná právnická osoba církve a náboženské společnosti,48623814,CZ48623814,+420491610300,,,OCHČK - Hospicová péče,§ 90 - Hospicová péče terén
9000005,Oblastní charita Červený Kostelec,5. května ,1170,Červený Kostelec,54941,Církev,CPO - Evidovaná právnická osoba církve a náboženské společnosti,48623814,CZ48623814,,,,OCHČK - Hospicová péče lůžková,§ 91 - Hospicová péče pobytová
9064643,Oblastní charita Náchod,Mlýnská,189,Náchod,54701,Církev,CPO - Evidovaná právnická osoba církve a náboženské společnosti,46524282,,+420491433499,,,SV. ANNA Domov pro matky s dětmi Náchod,§ 57 - Azylové domy
9097155,"Obecný zájem, z.ú.",Gen. Govorova,575,Smiřice,50303,Bez zřizovatele,z.ú. - Zapsaný ústav,26643715,,+420731185873,,,"Obecný zájem, z. ú.",§ 40 - Pečovatelská služba
9142033,Oblastní nemocnice Náchod a.s.,Purkyňova,446,Náchod,54701,Právnická osoba nebo skupina právnických osob,a.s. - Akciová společnost,26000202,CZ26000202,+420601321461,,,Oblastní nemocnice Náchod a.s.,§ 52 - Sociální služby poskytované ve zdravotnických zařízeních ústavní péče
9196018,Obec Kvasiny,Kvasiny,81,Kvasiny,51702,Bez zřizovatele,OBC - Obec,00275026,CZ00275026,+420494596510,,,Pečovatelská služba Kvasiny,§ 40 - Pečovatelská služba
9199716,DUHA o. p. s.,Julia Fučíka,873,Nový Bydžov,50401,Ostatní,o.p.s. - Obecně prospěšná společnost,25999150,,+420495491180,,,DUHA o. p. s. - pečovatelská služba,§ 40 - Pečovatelská služba
9223303,"Život bez bariér, z. ú.",Lomená,533,Nová Paka,50901,Právnická osoba nebo skupina právnických osob,z.ú. - Zapsaný ústav,26652561,CZ26652561,+420493724159,,,"Život bez bariér, o. s. - Centrum klášter",§ 37 - Odborné sociální poradenství
9223411,Diakonie ČCE - středisko BETANIE - evangelický domov v Náchodě,Špreňarova,1053,Náchod,54701,Církev,CPO - Evidovaná právnická osoba církve a náboženské společnosti,46522182,,+420604185740,,,Diakonie ČCE - středisko BETANIE - evangelický domov v Náchodě,§ 44 - Odlehčovací služby
9264829,Diakonie ČCE - středisko BETANIE - evangelický domov v Náchodě,Špreňarova,1053,Náchod,54701,Církev,CPO - Evidovaná právnická osoba církve a náboženské společnosti,46522182,,+420604185740,,,Diakonie ČCE - středisko BETANIE - evangelický domov v Náchodě,§ 48 - Domovy pro osoby se zdravotním postižením
9268423,"Věra Kosinová - Daneta, zařízení pro zdravotně postižené",Prodloužená,226,Pardubice,53009,Fyzická(é) a právnická(é) osoba(y),FO - Fyzická osoba podnikající dle ŽZ nezapsaná v OR,48162485,CZ6256050713,+420495535955,,,"Věra Kosinová - Daneta, zařízení pro zdravotně postižené",§ 46 - Denní stacionáře
9328941,Městská nemocnice Hořice,Riegrova,655,Hořice,50801,Obec,p.o. - Příspěvková organizace,00190217,CZ00190217,+420493586342,město Hořice,271560,Městská nemocnice Hořice,§ 52 - Sociální služby poskytované ve zdravotnických zařízeních ústavní péče
9379121,Sdružení ozdravoven a léčeben okresu Trutnov,Procházkova,818,Trutnov,54101,Královehradecký kraj,p.o. - Příspěvková organizace,00195201,CZ00195201,+420499329307,,,Stacionář RIAPS,§ 70 - Sociální rehabilitace
9445282,Domov sociálních služeb Chotělice,Chotělice,89,Smidary,50353,Královehradecký kraj,p.o. - Příspěvková organizace,00579025,CZ00579025,+420495496204,,,Domov sociálních služeb Chotělice,§ 48 - Domovy pro osoby se zdravotním postižením
9459250,Sociální služby města Jičína,Hofmanova,574,Jičín,50601,Obec,p.o. - Příspěvková organizace,70888167,,+420493546219,Město Jičín,271632,"Sociální služby města Jičína, Denní stacionář Domovinka",§ 46 - Denní stacionáře
9478716,"Služby Dolní Kalná, okres Trutnov",Dolní Kalná,178,Dolní Kalná,54374,Obec,p.o. - Příspěvková organizace,75126711,CZ75126711,+420775911177,Obec Dolní Kalná,277762,"Služby Dolní Kalná, okres Trutnov",§ 40 - Pečovatelská služba
9503685,Farní charita Dvůr Králové nad Labem,Palackého,99,Dvůr Králové nad Labem,54401,Církev,CPO - Evidovaná právnická osoba církve a náboženské společnosti,43464637,,+420491616381,,,Občanská poradna Hořice,§ 37 - Odborné sociální poradenství
9554713,Oblastní charita Jičín,Na jihu,553,Jičín,50601,Církev,CPO - Evidovaná právnická osoba církve a náboženské společnosti,73633755,,+420733674188,,,Charitní pečovatelská služba,§ 40 - Pečovatelská služba
9577077,"Život Hradec Králové, o.p.s.",třída Edvarda Beneše,1747,Hradec Králové,50012,Bez zřizovatele,o.p.s. - Obecně prospěšná společnost,02498251,,+420495514345,,,Tísňová péče pro seniory a zdravotně postižené občany,§ 41 - Tísňová péče
9583114,Pečovatelská služba Žacléř,J. E. Purkyně,229,Žacléř,54201,Obec,p.o. - Příspěvková organizace,64203450,,+420499739212,Město Žacléř,278491,Pečovatelská služba Žacléř,§ 40 - Pečovatelská služba
9593192,Domov důchodců Tmavý Důl,Tmavý Důl,633,Rtyně v Podkrkonoší,54234,Královehradecký kraj,p.o. - Příspěvková organizace,00194913,CZ00194913,+420499886614,,,Domov důchodců Tmavý Důl,§ 49 - Domovy pro seniory
9608144,Hradecké centrum pro osoby se sluchovým postižením o.p.s.,Milady Horákové,504,Hradec Králové,50006,,o.p.s. - Obecně prospěšná společnost,01994352,CZ01994352,773592326,,,Poradenství,§ 37 - Odborné sociální poradenství
9659243,"Salinger, z.s.",Gočárova třída,760,Hradec Králové,50002,Bez zřizovatele,"S. - Sdružení (svaz, spolek, klub)",67440185,,+420774807011,,,Triangl,§ 65 - Sociálně aktivizační služby pro rodiny s dětmi
9666094,Město Vamberk,Husovo náměstí,1,Vamberk,51754,Obec,OBC - Obec,00275492,CZ00275492,+420494541547,,,Pečovatelská služba,§ 40 - Pečovatelská služba
9684449,Centrum sociální pomoci a služeb o. p. s.,Souběžná,1746,Hradec Králové,50012,Fyzická osoba nebo skupina osob,o.p.s. - Obecně prospěšná společnost,25999044,CZ25999044,495272242,,,Manželská a rodinná poradna Jičín,§ 37 - Odborné sociální poradenství s prvky terapie
9688838,Domov pro seniory Trutnov,Rudolfa Frimla,936,Trutnov,54101,Obec,p.o. - Příspěvková organizace,70153906,,+420603828812,Město Trutnov,278360,Domov pro seniory Trutnov,§ 49 - Domovy pro seniory
9735411,Centrum sociální pomoci a služeb o. p. s.,Souběžná,1746,Hradec Králové,50012,Fyzická osoba nebo skupina osob,o.p.s. - Obecně prospěšná společnost,25999044,CZ25999044,495272242,,,Pečovatelská služba,§ 40 - Pečovatelská služba
9767213,"Apropo Jičín, o. p. s.",Soudná,13,Jičín,50601,Bez zřizovatele,o.p.s. - Obecně prospěšná společnost,01599682,,+420608225038,,,Sociální rehabilitace APROPO,§ 70 - Sociální rehabilitace
9775815,"Perinatální hospic Dítě v srdci, z. s.",Jiráskovo náměstí ,71,Kostelec nad Orlicí,51741,Právnická osoba nebo skupina právnických osob,"S. - Sdružení (svaz, spolek, klub)",03503747,,+420777675529,,,Perinatální hospic,§ 37 - Odborné sociální poradenství
9818505,PFERDA z.ú.,Panská,79,Rychnov nad Kněžnou,51601,,z.ú. - Zapsaný ústav,26657431,CZ26657431,+420722922433,,,Tréninková kavárna Láry Fáry - tréninkové pracoviště pro osoby s mentálním postižením,§ 70 - Sociální rehabilitace
9870958,Sdružení ozdravoven a léčeben okresu Trutnov,Procházkova,818,Trutnov,54101,Královehradecký kraj,p.o. - Příspěvková organizace,00195201,CZ00195201,+420731441267,,,Kontaktní centrum,§ 59 - Kontaktní centra
9924037,Domov pro seniory Vrchlabí,Žižkova ,590,Vrchlabí,54301,Královehradecký kraj,p.o. - Příspěvková organizace,00194891,CZ00194891,+420499405250,,,Domov pro seniory Vrchlabí,§ 50 - Domovy se zvláštním režimem
9924639,Pečovatelská služba Města Dvůr Králové nad Labem,Elišky Krásnohorské,2962,Dvůr Králové nad Labem,54401,Obec,p.o. - Příspěvková organizace,75065649,CZ 75065649,+420499329251,město Dvůr Králové nad Labem,277819,Pečovatelská služba Města Dvůr Králové nad Labem,§ 40 - Pečovatelská služba
9940787,Městské středisko sociálních služeb Oáza,T. G. Masaryka ,1424,Nové Město nad Metují,54901,Obec,p.o. - Příspěvková organizace,62730631,,+420720960155,Město Nové Město nad Metují,272876,Městské středisko sociálních služeb Oáza,§ 40 - Pečovatelská služba
9949795,Městys Pecka,Pecka,440,Pecka,50782,Obec,OBC - Obec,00271926,CZ00271926,+420724179896,,,Pečovatelská služba Pecka,§ 40 - Pečovatelská služba
