okres,typ,n�zev,adresa,telefon,e-mail,popis,provozn� doba odd�len� pro dosp�l�,provozn� doba odd�len� pro d�ti
Hradec Kr�lov�,Pov��en� knihovna,Knihovna m�sta Hradce Kr�lov�,"Woknova 1262/1a, 500 02 Hradec Kr�lov�",495 075 010,knihovna@knihovnahk.cz,Krom� �st�edn� budovy nab�z� Knihovna m�sta Hradce Kr�lov� sv� slu�by prost�ednictv�m jeden�cti pobo�ek po cel�m m�st�,"po,st�p�|8�18|�t|12�18|so|8�12|","po��t,�t�p�|12�18|st|8�18|so|8�12|"
Hradec Kr�lov�,Profesion�ln�  knihovna,M�stn� knihovna �ernilov,"�ernilov 310, 503 43 �ernilov",,,Obecn� knihovna,"po,�t|13�18|st|13�  17|p�|8�12|",
Hradec Kr�lov�,Profesion�ln�  knihovna,M�stsk� knihovna Chlumec nad Cidlinou,"Kozelkova 26/IV, 503 51 Chlumec n. Cidl.",495 485 318,knihovna@chlumecnc.cz,,"po,�t�p�|8�11:30|","po,�t|13�18|p�|  13�17|"
Hradec Kr�lov�,Profesion�ln�  knihovna,Knihovna Krajsk�ho soudu Hradec Kr�lov�,"T�. �SA 218, 502 08 Hradec Kr�lov�",,,,,
Hradec Kr�lov�,Profesion�ln�  knihovna,Knihovna St�tn�ho okresn�ho archivu Hradec Kr�lov�,"�kroupova 695, 500 02 Hradec Kr�lov�",495 402 611,sokahk@volny.cz,Specializovan� knihovna - region�ln� a historicky zam��en� literatura,"po,st|7:30�17|�t,�t|6:30�14:30|p�|6:30�14|",
Hradec Kr�lov�,Profesion�ln�  knihovna,L�ka�sk� knihovna L�ka�sk� fakulty UK v Hradci Kr�lov�,"Dlouh� ul., 500 01 Hradec Kr�lov�",,,Specializovan� knihovna,,
Hradec Kr�lov�,Profesion�ln�  knihovna,"Muzeum v�chod. �ech, muzejn� knihovna","Opletalova 334/2, 500 01 Hradec Kr�lov�", 495 512 391/495 512 392,,"Spole�enskov�dn� knihovna, ve�ker� knih. fondy jsou poskytov�ny k prezen�n�mu studiu. P��rov�dn� knihovna je p��stupn� pouze po p�edchoz� domluv�.","po|9�12,13�17:30|st|9�12,13�17.30|",
Hradec Kr�lov�,Profesion�ln�  knihovna,"�koln� knihovna St�edn� zdravotnick� �koly a Vy��� zdravotnick� �koly, �koln� knihovna","Komensk�ho 234, 500 03 Hradec Kr�lov�",,knihovna@zshk.cz,Knihovna se nach�z� v budov� domova ml�de�e VO�Z a S�Z - 2/3 knih. fondu tvo�� literatura podle obor� �koly. ,po�st|13�18|�t|  11�16|,
Hradec Kr�lov�,Profesion�ln�  knihovna,St�edisko v�deck�ch a knihovnick�ch informac� Farmaceutick� fakulty UK v HK,"Heyrovsk�ho 1203, 500 05 Hradec Kr�lov�",495 067 420,liskk4af@faf.cuni.cz,"Knhovnovn� fond z oblasti farmacie, spolupracuje s odborn�mi knihovnami v tuzemsku i zahrani��. Slu�by poskytuje i mimofakultn�m z�jemc�m. ","po,st|8�16|�t,�t|8� 17:30|so|8�14|",
Hradec Kr�lov�,Profesion�ln�  knihovna,Studijn� a v�deck� knihovna v Hradci Kr�lov�,"Hradeck� 1250/2, 500 03 Hradec Kr�lov�",494 946 200,knihovna@svkhk.cz,SVK je ve�ejnou studijn� knihovnou. Sv�mi slu�bami zaru�uje knihovna pr�vo v�ech ob�an� na informace. ,"po,�t,�t|9�19|st|11�21|so|9�12|",
Hradec Kr�lov�,Profesion�ln�  knihovna,Univerzitn� knihovna UHK,"Hradeck� 1227, 500 03 Hradec Kr�lov�",493 331 333,knihovna@uhk.cz,"Univerzitn� knihovna UHK je ve�ejn� p��stupnou knihovnou. Jej�m prim�rn�m posl�n�m je informa�n� zabezpe�en� a podpora studia, v�uky, v�dy a v�zkumu realizovan�ch na UHK. Knihovna poskytuje ve�ejn� knihovn� slu�by, prodej skript. Sou��st� knihovny je medi�ln� knihovna vyu��van� pro pr�ci s elektronick�mi zdroji. Pod knihovnu tak� spad� Nakladatelstv� Gaudeamus. Pobo�ky: Les�kova knihovna (FF UHK), Knihovna na kated�e v�tv. kultury a textil. tvorby UHK, Knihovna na Kated�e anglick�ho jazyka a literatury UHK).",po��t|8�18|p�|8�15|so|9�12|* v sobotu ��jen�prosinec|�nor�duben|,
Hradec Kr�lov�,Profesion�ln�  knihovna,"V�deck� knihovna  Univerzity obrany Brno, Fakulta vojensk�ho zdravotnictv� v HK","T�ebe�sk� 1575, 500 01 Hradec Kr�lov�",973 253 029/973 253 047,,,"po,st|10�12|13�15|�t,�t|10�12|13�17|p�|10�12|",
Hradec Kr�lov�,Profesion�ln�  knihovna,�tolbova m�stsk� knihovna Nechanice,"Rabova 110, 503 15 Nechanice",495 441 966,nechanice@knihovna.cz/knihovna@nechanice.cz,Knihovna se nach�z� v prvn�m pat�e Kulturn�ho domu Nechanice. ,"po|9�18|�t,�t|   10�16:30|","po|9�11,12:30�17:30|st|9�11,12:30�15:30|�t|8:30�11,  12:30�17:30|"
Hradec Kr�lov�,Profesion�ln�  knihovna,M�stsk� knihovna a inorma�n� st�edisko Nov� Byd�ov,"Husova 1370, 504 01 Nov� Byd�ov",495 493 269/778 407 881,knihovna@novybydzov.cz,M�stsk� knihovna s turistick�m centrem s�dl� v prvn�m poschod� Balounkovy vily v Husov� ulici. Knihovna je ve�ejnou univerz�ln� knihovnou. Sou��st� je Kulturn� klub Mekka.,"po|9�11,12:30�17:30|�t|8:30�11,12:30�17:30|","po|9�11,12:30�17:30|st|9�11,12:30�15:30|�t|8:30�11,  12:30�17:30|"
Hradec Kr�lov�,Profesion�ln�  knihovna,St�ediskov� knihovna Smidary,"n�m. Profesora Bab�ka 106, 503 53 Smidary",495 496 128,knihovna.smidary@volny.cz,Knihovna je um�st�na v prvn�m pat�e budovy obecn�ho ��adu.,"po,�t|9�16:30|",
Hradec Kr�lov�,Profesion�ln�  knihovna,M�stsk� knihovna Smi�ice,"Z�mek 1, 503 03 Smi�ice",495 421 970,,M�stskou knihovnu z�izuje M�sto Smi�ice a knihovna pln� funkci st�ediskov� knihovny.,po|10�18|�t|8�11|st|10�16:30|,"po|10�18|�t|7�8|st|7�8,10�16:30|"
Hradec Kr�lov�,Profesion�ln�  knihovna,Heldova m�stsk� knihovna T�ebechovice pod Orebem,"Komensk�ho 437, 503 46 T�ebechovice p. Orebem",495 592 390/495 592 198,info@hmk.cz,"Heldova knihovna je ve�ejnou knihovnou, kterou z�izuje M�sto T�ebechovice pod Orebem.","po,�t|8�12,12:30�18|p�|8�11,12�15|","po|7�8,12�18|�t|7�8,12�15:30|p�|12�15|"
Hradec Kr�lov�,Neprofesion�ln�  knihovna,Barchov,"Barchov 62, 504 01 Barchov",495 444 311,,"Knihovna je v budov� obecn�ho ��adu, ve�ejn� internet.",�t|18�20|internet|18�20|,
Hradec Kr�lov�,Neprofesion�ln�  knihovna,Barch�vek,"Barch�vek 51, 504 01 Barch�vek",495 493 840,,"Knihovna v budov� kulturn�ho klubu, ve�ejn� internet. ",�t|17�18:30|,
Hradec Kr�lov�,Neprofesion�ln�  knihovna,B�le� nad Orlic�,"B�le� n. Orl. 22, 503 46 B�le� n. Orl. ",495 592 908,knihovna.belec@seznam.cz,"Knihovna je v budov� obecn�ho ��adu, ve�ejn� internet.","�t|17:30�18:30|, internet �t|18�20|",
Hradec Kr�lov�,Neprofesion�ln�  knihovna,Ben�tky,"Ben�tky 34, 503 03 Ben�tky",,knihovnabenatky@seznam.cz,"Knihovna je v budov� obecn�ho ��adu, ve�ejn� internet.",�t|17�19|,
Hradec Kr�lov�,Neprofesion�ln�  knihovna,Ble�no,"Ble�no 73, 503 46 Ble�no",,bleknihovna@tiscali.cz,"Knihovna je v budov� obecn�ho ��adu, ve�ejn� internet.",p�|17�18:30|internet i po|18�21|,
Hradec Kr�lov�,Neprofesion�ln�  knihovna,Boharyn�,"Boharyn� 53, 503 15 Boharyn�",498 777 943,knihovna.boharyne@quick.cz,"Knihovna je v budov� obecn�ho ��adu, ve�ejn� internet.",po|18�19|st|18�20|,
Hradec Kr�lov�,Neprofesion�ln�  knihovna,�erno�ice,"gen. Svobody 268, 503 04 �erno�ice",606 675 359,cernokni@seznam.cz,"Knihovna je v budov� obecn�ho ��adu, ve�ejn� internet.",�t|16�19|,
Hradec Kr�lov�,Neprofesion�ln�  knihovna,Chude�ice,"Chude�ice 31, 503 51",495 499 535,chuderice.knihovna@seznam.cz,Knihovna je um�st�na v budov� obecn�ho ��adu a je v n� i stanice ve�ejn�ho internetu.,po|19�20|,
Hradec Kr�lov�,Neprofesion�ln�  knihovna,�ist�ves,"�ist�ves 28, 503 15",605 568 962,knihovna.cisteves@seznam.cz,"Knihovna je v budov� obecn�ho ��adu, ve�ejn� internet.",so|13�14:30|,
Hradec Kr�lov�,Neprofesion�ln�  knihovna,Dlouh� Dvory,503 12 Dlouh� Dvory,602 370 234,knihovnadlouhedvory@seznam.cz,Knihovna je um�st�na v bu�ce a je v n� i stanice ve�ejn�ho internetu.,po|18�19|,
Hradec Kr�lov�,Neprofesion�ln�  knihovna,Dob�enice,"Dob�enice 10, 503 25",728 347 941,knihovnadobrenice@seznam.cz,"Knihovna je v budov� obecn�ho ��adu, ve�ejn� internet.",st|16�19|,
Hradec Kr�lov�,Neprofesion�ln�  knihovna,Dohalice,"Dohalice 17, 503 13",495 447 795,,"Knihovna je v budov� obecn�ho ��adu, ve�ejn� internet.",,
Hradec Kr�lov�,Neprofesion�ln�  knihovna,Doln� P��m,"Doln� P��m 1, 503 16",775 041 555,knihovna.dolniprim@seznam.cz,"Knihovna je v budov� z�mku, kde s�dl� i obecn� ��ad.",�t|16�18|,
Hradec Kr�lov�,Neprofesion�ln�  knihovna,Dub,"Dub 15, M�any 503 15",495 447 295,,Knihovna je v hale soukrom�ho domu knihovnice.,st|17�18|,
Hradec Kr�lov�,Neprofesion�ln�  knihovna,Hab�ina,"Hab�ina 28, 503 03",,obecniknihovna.habrina@seznam.cz,"Knihovna je v budov� obecn�ho ��adu, ve�ejn� internet.",po|17�19|,
Hradec Kr�lov�,Neprofesion�ln�  knihovna,Hlu�ice,"Hlu�ice 51, 503 56",,knihovnahlusice@seznam.cz,Knihovna je um�st�na v budov� obecn�ho ��adu a je v n� i stanice ve�ejn�ho internetu.,letn� �as|po|17�20|zimn� �as|15�18|,
Hradec Kr�lov�,Neprofesion�ln�  knihovna,Hn�v�eves,"Hn�v�eves 54, 503 15",605 440 733,knihovna.hnevceves@seznam.cz,"Knihovna je v budov� obecn�ho ��adu, ve�ejn� internet.",letn� �as|po|17�20|zimn� �as|15�18|,
Hradec Kr�lov�,Neprofesion�ln�  knihovna,Ho�in�ves,"Ho�in�ves 73, 503 06",495 426 534,knihovna.horineves@seznam.cz,Knihovna je um�st�na v budov� obecn�ho ��adu a je v n� i stanice ve�ejn�ho internetu.,�t|16�18|st|9�12|�t|16�18|,
Hradec Kr�lov�,Neprofesion�ln�  knihovna,H��bsko,"H�ibsko 6, 503 27",737 533 099,hribskoknihovna@volny.cz,V knihovn� je um�st�na i stanice ve�ejn�ho internetu.,p�|17�18|,
Hradec Kr�lov�,Neprofesion�ln�  knihovna,Humburky,"Humburky 41, 504 01",,mk.humburky@tiscali.cz,Knihovna je um�st�na v budov� obecn�ho ��adu a je v n� i stanice ve�ejn�ho internetu.,po|15�18|,
Hradec Kr�lov�,Neprofesion�ln�  knihovna,Janovice,"503 56, Janovice",608 566 319,knihovnajanovice@seznam.cz,Knihovna je v dome�ku u budovy b�val� �koly a je v n� um�st�na stanice ve�ejn�ho internetu.,p�|15:30�18|,
Hradec Kr�lov�,Neprofesion�ln�  knihovna,Jen�kovice,"Jen�kovice 27, 503 46",,knihovna.jenikovice@tiscali.cz,Knihovna je v budov� hasi�sk� zbrojnice spole�n� s obchodem a je v n� um�st�na i stanice ve�ejn�ho internetu.,po|16�19|,
Hradec Kr�lov�,Neprofesion�ln�  knihovna,J�lovice,"517 72, J�lovice",494 661 805,,Knihovna je v Obecn�m dom� spolu s po�tou.,�t|17:30�18:30|,
Hradec Kr�lov�,Neprofesion�ln�  knihovna,K�ranice,"K�ranice 48, 503 66",495 499 521,knihovna.karanice@seznam.cz,Knihovna je v budov� obecn�ho ��adu a je v n� um�st�na i stanice ve�ejn�ho internetu.,st|18�19:30|,
Hradec Kr�lov�,Neprofesion�ln�  knihovna,Klamo�,"Klamo� 26, 503 51",495 486 105,knihovna.klamos@seznam.cz,Knihovna je um�st�na v budov� obecn�ho ��adu a je v n� i stanice ve�ejn�ho internetu.,po|16�19|,
Hradec Kr�lov�,Neprofesion�ln�  knihovna,Kosice,"Kosice 66, 503 51",495 499 456,obec@kosice.cz,Knihovna je um�st�na v budov� obecn�ho ��adu a je v n� i stanice ve�ejn�ho internetu.,st|18�19|,
Hradec Kr�lov�,Neprofesion�ln�  knihovna,Kosi�ky,"Kosi�ky 1, 503 65",494 499 599,knihovna.kosicky@seznam.cz,Knihovna je v budov� obecn�ho ��adu a je v n� um�st�na i stanice ve�ejn�ho internetu.,po|16�19|,
Hradec Kr�lov�,Neprofesion�ln�  knihovna,Kr�l�ky,"Kr�l�ky 29, 504 01",495 492 689,ob.kraliky@tiscali.cz,Knihovna je v budov� obecn�ho ��adu a je v n� um�st�na i stanice ve�ejn�ho internetu.,st|15�17|internet �t|17�19|st|13�17|,
Hradec Kr�lov�,Neprofesion�ln�  knihovna,Kratonohy,"Kratonohy 35, 503 24",732 517 138,knihovna.kratonohy@seznam.cz,Knihovna je v budov� obecn�ho ��adu a je v n� um�st�na i stanice ve�ejn�ho internetu.,po|13�15|�t|15�17|,
Hradec Kr�lov�,Neprofesion�ln�  knihovna,Kun�ice,"Kun�ice 59, 503 15",495 441 161,cvc.kuncice@seznam.cz,Knihovna je v budov� obecn�ho ��adu a je v n� um�st�na i stanice ve�ejn�ho internetu.,po|16�18:30|,
Hradec Kr�lov�,Neprofesion�ln�  knihovna,Ledce,"Ledce 4, �esk� Mezi���� 517 71",,,,po|17�19|,
Hradec Kr�lov�,Neprofesion�ln�  knihovna,Lej�ovka,"Lej�ovka 52, 503 03",,,Knihovna je um�st�na v budov� obecn�ho ��adu a je v n� i stanice ve�ejn�ho internetu.,so|15�17|,
Hradec Kr�lov�,Neprofesion�ln�  knihovna,Lhota pod Lib�any,"Lhota pod Lib�any 46, 503 27 ",495 585 207,knihovnalhotapl@seznam.cz,"Knihovna je v p��zem� mate�sk� �kolky, jihoz�padn� ��st, a je v n� um�st�na stanice ve�ejn�ho internetu.",�t|16�18|,
Hradec Kr�lov�,Neprofesion�ln�  knihovna,Lib�any,"Z� Lib�any 1, 503 22",,knihovna.libcany@seznam.cz,Knihovna je v budov� Z� a je v n� um�st�na stanice ve�ejn�ho internetu. Knihovna fungue i jako knihovna �koln�.,po|12:45�13:30|p�|17�19,
Hradec Kr�lov�,Neprofesion�ln�  knihovna,Libn�kovice,"Libn�kovice 40, 503 46",495 431 082,knihovna@libnikovice.cz,Knihovna je um�st�na v budov� obecn�ho ��adu a je v n� i stanice ve�ejn�ho internetu.,st|18�20|,
Hradec Kr�lov�,Neprofesion�ln�  knihovna,Librantice,"Librantice 119, 503 46",495 431 218,knihovna.librantice@seznam.cz,Knihovna je um�stn� v budov� vedle �koly a je v n� stanice ve�ejn�ho internetu.,so|16�18|,
Hradec Kr�lov�,Neprofesion�ln�  knihovna,Lib�ice,"Lib�ice 62, 503 44",723 245 831,knihovna.librice@seznam.cz,Knihovna je v budov� obecn�ho ��adu a je v n� um�st�na i stanice ve�ejn�ho internetu.,po|17�19|�t|16�20|,
Hradec Kr�lov�,Neprofesion�ln�  knihovna,Li�ice,"Li�ice 9, 503 51",495 486 420,knihovna.lisice@seznam.cz,Knihovna je um�st�na v budov� obecn�ho ��adu a je v n� i stanice ve�ejn�ho internetu.,"po|17�18|internet po,st|17�18|",
Hradec Kr�lov�,Neprofesion�ln�  knihovna,Lochenice,"Lochenice 83, 503 02",604 325 250,knihovna.lochenice@seznam.cz,Knihovna je um�st�na v budov� obecn�ho ��adu a je v n� i stanice ve�ejn�ho internetu.,�t|17�19|,
Hradec Kr�lov�,Neprofesion�ln�  knihovna,Lod�n,"Lod�n 80, 503 15",495 445 280,knihovna.lodin@seznam.cz,Knihovna je ve zrekonstuovan� budov� b�val� �koly a je v n� um�st�na i stanice ve�ejn�ho internetu.,�t|16:30�19:30|,
Hradec Kr�lov�,Neprofesion�ln�  knihovna,Lov�ice,"Lov�ice 185, 503 61",606 675 181,knihovna.lovcice@seznam.cz,Knihovna je um�st�na v budov� obecn�ho ��adu a je v n� i stanice ve�ejn�ho internetu.,po�p�|15�17|,
Hradec Kr�lov�,Neprofesion�ln�  knihovna,Lu�any,"Lu�any 47, 503 05",495 426 090,knihovna.luzany@seznam.cz,Knihovna je um�st�na v budov� obecn�ho ��adu a je v n� i stanice ve�ejn�ho internetu.,�t|17:30�20|p�|17�19|,
Hradec Kr�lov�,Neprofesion�ln�  knihovna,Lu�ec nad Cidlinou,"Lu�ec nad Cidlinou 203, 503 62",739 369 724,knihovna.luzecnadcidlinou@seznam.cz/obec.luzec@quick.cz,Knihovna je v budov� obecn�ho ��adu a je v n� um�st�na i stanice ve�ejn�ho internetu.,so|15:30�18:30|,
Hradec Kr�lov�,Neprofesion�ln�  knihovna,M�n�k,"M�n�k 43, 503 64",608 782 578,knihovna.menik@seznam.cz,Knihovna je v budob� obecn�ho ��adu a je v n� um�st�na stanice ve�ejn�ho internetu.,�t|16:30�20|so|14�16|,
Hradec Kr�lov�,Neprofesion�ln�  knihovna,Mokrovousy,"Mokrovousy 18, 503 15",,ou@mokrovousy.cz,Knihovna je um�st�na v budov� obecn�ho ��adu a je v n� i stanice ve�ejn�ho internetu.,p�|18�20|internet i p�|15�20|,
Hradec Kr�lov�,Neprofesion�ln�  knihovna,Nepolisy,"Nepolisy 75, 503 63",495 497 314,knihovnanepolisy@seznam.cz,Knihovna je v budov� obecn�ho ��adu a je v n� um�st�na i stanice ve�ejn�ho internetu.,"po|15�18|�t|8�11|�t|8�11,15�16:30|",
Hradec Kr�lov�,Neprofesion�ln�  knihovna,Nov� M�sto nad Cidlinou,"Nov� M�sto n. C. 1, 503 51",733 557 743,knihovna.nm@tiscali.cz,Knihovna je v budov� �koly a je v n� um�st�na stanice ve�ejn�ho internetu.,"�t|12:30�13:30,16�17|",
Hradec Kr�lov�,Neprofesion�ln�  knihovna,Ob�dovice,"Ob�dovice 15, 503 51",724 189 549,knihovna@obedovice.cz,Knihovna je v budov� hostince U Vav�ince (vchod brankou vpravo zezadu) a je v n� um�st�na i stanice ve�ejn�ho internetu.,�t|17�19:30|,
Hradec Kr�lov�,Neprofesion�ln�  knihovna,Ohni��any,"Ohni��any 91, 503 54",,knihovna.ohnistany@seznam.cz,Knihovna je v budov� obecn�ho ��ad a je v n� um�st�na i stanice ve�ejn�ho internetu.,"st|8�9,14�17|",
Hradec Kr�lov�,Neprofesion�ln�  knihovna,Ole�nice,"Ole�nice 44, 503 51",495 486 075,knihovna.olesnice@seznam.cz,Knihovna je v budov� obecn�ho ��adu a v budov� je i stanice ve�ejn�ho internetu.,p�|17�20|,
Hradec Kr�lov�,Neprofesion�ln�  knihovna,Osice,503 26 Osice,,knihovna.osice@seznam.cz,Knihovna je v samostatn� m�stnosti hasi�sk� zbrojnice.,so|14�15|,
Hradec Kr�lov�,Neprofesion�ln�  knihovna,Osi�ky,"Osi�ky 19, 503 27",605 706 360,knihovna.osicky@seznam.cz,Knihovna je v budov� obecn�ho ��adu a v budov� je i stanice ve�ejn�ho internetu.,�t|17�18|v l�t�|18�19|,
Hradec Kr�lov�,Neprofesion�ln�  knihovna,Petrovice,"Petrovice 104, 503 55",,,Knihovna je v budov� obecn�ho ��adu a je v n� um�st�na i stanice ve�ejn�ho internetu.,po|16�18|internet i �t|17�19|p�|17�19|,
Hradec Kr�lov�,Neprofesion�ln�  knihovna,Popovice,503 15 Popovice,495 401 070,,Knihovna je um�st�na v budov� po��rn� zbrojnice.,so|9:30�12|,
Hradec Kr�lov�,Neprofesion�ln�  knihovna,Prasek,"Prasek 229, 504 01",776 554 105,knihovna.prasek@seznam.cz,Knihovna je v budov� obecn�ho ��adu a je v n� um�st�na i stanice ve�ejn�ho internetu.,p�|16:30�18:30|,
Hradec Kr�lov�,Neprofesion�ln�  knihovna,Praska�ka,"Paska�ka 12, 503 33",732 769 923,knihovnapraskacka@seznam.cz,Knihovna je um�st�na v budov� obecn�ho ��adu a je v n� i stanice ve�ejn�ho internetu.,st|17�19|,
Hradec Kr�lov�,Neprofesion�ln�  knihovna,P�edm��ice n. Labem,"�kolsk� 279, 503 02",498 771 617,knihovna.preme@atlas.cz,Obecn� knihovna. ,po|12:50�14:50|st|14:45�16:45|�t|12:50�15:20|,
Hradec Kr�lov�,Neprofesion�ln�  knihovna,P�ev��ov,"P�ev��ov 89, 503 51",,,"Sou��st� knihovny je i ve�ejn� dostupn� internet, d�tsk� koutek.",�t|17�18|,
Hradec Kr�lov�,Neprofesion�ln�  knihovna,Probluz,503 15 Probluz,495 443 008,,Knihovna je ve v�ce��elov�m obecn�m dom�. ,po|15:30�17:30|p�|15�    17:30|,
Hradec Kr�lov�,Neprofesion�ln�  knihovna,Rad�kovice,"Rad�kovice 46, 503 27",,knihovnaradikovice@seznam.cz,Knihovna je v budov� obecn�ho ��adu a je v n� um�st�na i stanice ve�ejn�ho internetu.,st|18�19|internet|po�p�|9�15|st|18�20|,
Hradec Kr�lov�,Neprofesion�ln�  knihovna,Roudnice,"Roudnice 100, 503 27",495 451 449,knihovna.roudnice@seznam.cz,Knihovna je v budov� obecn�ho ��adu a je v n� um�st�na i stanice ve�ejn�ho internetu.,po|14�17|st|14�18|p�|   8�12|,
Hradec Kr�lov�,Neprofesion�ln�  knihovna,Rozb��ice,503 12 Rozb��ice,495 458 260,,Knihovna je ve v�ce��elov�m obecn�m dom�. ,so|16�18|,
Hradec Kr�lov�,Neprofesion�ln�  knihovna,Sedlice,"Sedlice 37, 503 33",721 616 691,knihovna.sedlice@seznam.cz,Knihovna je v budov� mate�sk� �kolky a je v n� um�st�na i stanice ve�ejn�ho internetu.,�t|16�18|,
Hradec Kr�lov�,Neprofesion�ln�  knihovna,Sendra�ice,"Sendra�ice 15, 503 03",,knihovna.sendrazice@seznam.cz,Knihovna je v budov� obecn�ho ��adu a je v n� um�st�na i stanice ve�ejn�ho internetu.,po|17:30�19|,
Hradec Kr�lov�,Neprofesion�ln�  knihovna,Skalice,"Skalice 32, 503 03",,knihovna@viap.cz,Knihovna je v budov� obecn�ho ��adu a je v n� um�st�na i stanice ve�ejn�ho internetu.,ne|9�10:30|internet|18�19|so|16�17|,
Hradec Kr�lov�,Neprofesion�ln�  knihovna,Skochovice,503 51 Skochovice,728 685 196,,Knihovna je v budov� b�val� �koly.,p�|16�18|,
Hradec Kr�lov�,Neprofesion�ln�  knihovna,Sk�ivany,"Dr. Vojt�cha 39, 503 52 Sk�ivany",604 666 512,knihovna@skrivany.cz,Knihovna je v D�lnick�m dom� a je v n� um�st�na stanice ve�ejn�ho internetu.,po|13�17|�t|15�19|,
Hradec Kr�lov�,Neprofesion�ln�  knihovna,Smr�ov,"Smr�ov 11, 503 03",,smrzov@smrzov.cz,Knihovna je v budov� obecn�ho ��adu.,po|18:30�19:30|,
Hradec Kr�lov�,Neprofesion�ln�  knihovna,Star� Sk�en��,504 01 Star� Sk�en��,736 425 309,knihovna.staraskrener@seznam.cz,"Knihovna je ve v�ce��elov�m obecn�m dom� (hasi�sk� klubovna, hospoda) a je v n� um�st�na stanice ve�ejn�ho internetu. ",st|18�19|so|18�19|internet i �t�so|19�22|,
Hradec Kr�lov�,Neprofesion�ln�  knihovna,Star� Voda,"Star� Voda 68, 503 51",495 499 484,knihovna.staravoda@seznam.cz,Knihovna je v budov� obecn�ho ��adu a je v n� um�st�na i stanice ve�ejn�ho internetu.,�t|16�19|,
Hradec Kr�lov�,Neprofesion�ln�  knihovna,Star� Byd�ov,"Star� Byd�ov 13, 503 57",495 493 328,,Knihovna je v budov� obecn�ho ��adu.,po|16:30�17:30|,
Hradec Kr�lov�,Neprofesion�ln�  knihovna,St�ery,"St�ery 71, 503 21",495 453 290,stezeryknihovna@volny.cz,"Knihovna je v budov� Centra integrovan�ch slu�eb a je v n� um�st�na i stanice ve�ejn�ho internetu. Knihovna se nach�z� ve 2. pat�e, p��stup bezbari�rov�.",po|13�18|st|13�18|p�|  13�16|,
Hradec Kr�lov�,Neprofesion�ln�  knihovna,St��rky,"St��rky 85, 503 12",,stezirkyknihovna@volny.cz,V knihovn� je um�st�na i stanice ve�ejn�ho internetu.,po|17�19|,
Hradec Kr�lov�,Neprofesion�ln�  knihovna,Stra�ov,503 14 Stra�ov,490 504 275,knihovnastracov@seznam.cz,Knihovna je um�st�na v budov� obecn�ho ��adu a je v n� i stanice ve�ejn�ho internetu.,�t|17:30�19|,
Hradec Kr�lov�,Neprofesion�ln�  knihovna,St�ezetice,"St�ezetice 78, 503 12",,knihovna.strezetice@seznam.cz,Knihovna je v budov� hostince a je v n� um�st�na i stanice ve�ejn�ho internetu.,p�|19:30�20:30|so|13�15|,
Hradec Kr�lov�,Neprofesion�ln�  knihovna,Such�,503 15 Such�,495 441 852,,Knihovna je v budov� b�val� �koly.,po|15:30�17:30|,
Hradec Kr�lov�,Neprofesion�ln�  knihovna,Sv�t�,,,,Knihovna k 31.3.2014.,,
Hradec Kr�lov�,Neprofesion�ln�  knihovna,Syrov�tka,"Syrov�tka 69, 503 27",728 079 978,,Knihovna je v budov� obecn�ho ��adu a je v n� um�st�na i stanice ve�ejn�ho internetu.,p�|16�18|,
Hradec Kr�lov�,Neprofesion�ln�  knihovna,T�chlovice,"T�chlovice 18, 503 27",495 585 187,ok-techlovice@seznam.cz,Knihovna je v budov� obecn�ho ��adu a je v n� um�st�na i stanice ve�ejn�ho internetu.,�t|18�19|,
Hradec Kr�lov�,Neprofesion�ln�  knihovna,Tr�vn�k,503 27 Tr�vn�k,,knihovna.travnik@seznam.cz,Knihovna je v budov� hasi�sk� zbrojnice a je v n� um�st�na i stanice ve�ejn�ho internetu.,ne|14�15|internet i �t|18�19|,
Hradec Kr�lov�,Neprofesion�ln�  knihovna,T�esovice,503 15 T�esovice ,,knihovna.tresovice@seznam.cz,Knihovna je v budov� obecn�ho ��adu a je v n� um�st�na i stanice ve�ejn�ho internetu.,so|14�16|,
Hradec Kr�lov�,Neprofesion�ln�  knihovna,T�n�,503 15 T�n�,495 441 745,,Knihovna je v budov� prodejny.,sud� pond�l� l�to|17�18|zima|16�17|,
Hradec Kr�lov�,Neprofesion�ln�  knihovna,Urbanice,"Urbanice 44, 503 27",725 504 789,knihovna@urbanice.cz,"Knihovna je v budov� kulturn�ho domu, stanice ve�ejn�ho internetu funguje na obecn�m ��ad�.",�t|15:30�18|,
Hradec Kr�lov�,Neprofesion�ln�  knihovna,Vinary,"Vinary 24, 503 53",495 496 836,knihovnavinary@seznam.cz,Knihovna je v budov� obecn�ho ��adu a je v n� um�st�na i stanice ve�ejn�ho internetu.,po|16�18|,
Hradec Kr�lov�,Neprofesion�ln�  knihovna,V�estary,503 12 V�estary,495 458 195,knihovna.vsestary@seznam.cz,Knihovna je v budov� �koly a je v n� um�st�na stanice ve�ejn�ho internetu.,"po|13:30�14, 16:15�19:15|�t|12:30�   13:30|",
Hradec Kr�lov�,Neprofesion�ln�  knihovna,V�rava,"V�rava 116, 503 03",495 431 379,knihovna.vyrava@centrum.cz,Knihovna je v budov� obecn�ho ��adu a je v n� um�st�na i stanice ve�ejn�ho internetu.,p�|16�18|,
Hradec Kr�lov�,Neprofesion�ln�  knihovna,Vysok� nad Labem,503 31 Vysok� nad Labem,723 829 057,,Knihovna je v budov� po�ty a stanice ve�ejn�ho internetu je um�st�na v budov� obecn�ho ��adu.,"p�|16�18:30|internet i po, st|14:30�18|",
Hradec Kr�lov�,Neprofesion�ln�  knihovna,Vysok� �jezd,517 71 Vysok� �jezd,604 536 623,vysuj@volny.cz,,1. �ter� v m�s�ci|19�21|,
Hradec Kr�lov�,Neprofesion�ln�  knihovna,Zachra��any,504 01 Zachra��any,725 081 341,knihovna.zachrastany@seznam.cz,Knihovna je um�st�na v prostor�ch hostince.,�t|16�18|,
Hradec Kr�lov�,Neprofesion�ln�  knihovna,��eleves,"��eleves 42, 503 03",604 253 014,zizeleves@post.cz,Knihovna je um�st�na v obecn�m dom� ve st�edu obce a je v n� um�st�na i stanice ve�ejn�ho internetu.,�t|9�10|�t|16�18|,
Ji��n,Pov��en� knihovna,Knihovna V�clava �tvrtka Ji��n ,"Denisova 400, 506 01 Ji��n",493 532 833,knihovna@knihovna.jicin.cz,"Pov��en� profesion�ln� knihovna - mo�nost zap�j�en� i hudbn�ch reprodukc�, p�j�ov�n� knih on-line, klub pro ml�de� atd.","po,st|8�18|�t|10�17|p�|8�17|so|8�12|","po,�t|12�17|st|8�11, 12�17|p�|12�16:30|"
Ji��n,Profesion�ln� knihovna,"V�zkumn� a �lechtitelsk� �stav ovocn��sk�, s. r. o., knihovna","Holovousy 1, 508 01 Ho�ice",491 848 205,info@vsuo.cz,Specializovan� knihovna zam��en� zejm�na na ovocn��stv�. Knihovna je postupn� p�ev�d�na do elektronick� podoby. Knihovna se nach�z� v budov� z�mku.,po p�edchoz�m vy��d�n� publikace na tiskopisu,
Ji��n,Profesion�ln� knihovna,M�stsk� knihovna Ho�ice,"n�m. Ji��ho z Pod�brad 239, 501 01 Ho�ice",493 622 642,info@knihovna.horice.org,Knihovna s univerz�ln�m knihovn�m fondem a slu�bami.,"po,p�|8�11,12�17|st|8�12|  �t|12�17|so|8�11|","po,�t,p�|12�17|"
Ji��n,Profesion�ln� knihovna,Knihovna reg. muzea a galerie Ji��n,"Vald�tejnovo n�m�st� 1, 506 01 Ji��n",493 532 204,,"Podsb�rka region�ln� literatury, rukopis�, star�ch tisk� a duchovn�ch a sv�tsk�ch p�sn�.",,
Ji��n,Profesion�ln� knihovna,Knihovna st�tn�ho okresn�ho archivu Ji��n,"Raisova 533, 506 01 Ji��n",491 401 056,posta@soka-jc.cz,,,
Ji��n,Profesion�ln� knihovna,M�stsk� knihovna Kopidlno,"Hilmarova n�m. 16, 507 32 Kopidlno",491 110 155/724 773 142,knihovnakopidlno@kopidlno.cz,Knihovna s�dl� v budov� Kulturn�ho a vzd�l�vac�h centra. Kulturn� za��zen� M�sta Kopidlna.,"po|12:30�16|�t|9�12, 12:30�17|�t|9�12,12:30�   16:45|",
Ji��n,Profesion�ln� knihovna,M�stsk� knihovna L�zn� B�lohrad,"Bar�kova 419, 507 81 L�zn� B�lohrad",604 600 997,knihovna@lazne-belohrad.cz,Knihovnu naleznete v pat�e budovy hasi�sk� zbrojnice.,"po,st,p�|13�15|�t,st|8�12,13�18|�t|8�12,13�18|",
Ji��n,Profesion�ln� knihovna,M�stsk� knihovna Lib��,"n�m. Svobody 36, 507 23 Lib��",724 772 104/491 110 391,knihovna@mestoliban.cz,Knihovna se nach�z� v p��zem� budoby m�stsk�ho ��adu. Z�izuje M�sto Lib��.,"po|11:45�14|�t|8�11,11:45�17|st|9�11, 11:45�14:30|�t|8�11, 11:45�15:45|",
Ji��n,Profesion�ln� knihovna,M�stn� knihovna Milet�n,507 71 Milet�n,737 929 273,knihovna.miletin@cbox.cz,Knihovna s univerz�ln�m knihovn�m fondem a ve�ejn�mi slu�bami - internet.,"st,�t|8�12, 13�16:30|",
Ji��n,Profesion�ln� knihovna,M�stsk� knihovna Nov� Paka,"F. F. Proch�zky 70, 509 01 Nov� Paka",493 722 500/607 512 180,npknihovna@monix.cz,,"po,p�|9�11,12�17|�t,�t|        12�17|",
Ji��n,Profesion�ln� knihovna,Obecn� knihovna E. �torcha v Ostrom��i,"Ul. T. G. Masaryka, 507 52 Ostrom��",493 035 584,knihovna.ostromer@centrum.cz,Knihovna je v p��zem� budovy Obecn�ho ��adu v Ostrom��i.,"po|11�16|�t, st|7�15|�t|7�18|",
Ji��n,Profesion�ln� knihovna,M�stn� knihovna Pecka,507 82 Pecka,493 799 015/602 556 142,knihovna.pecka@seznam.cz,Knihovna Kry�tofa Haranta je knihovnou ve�ejnou. Kulturn� a vzd�l�vac� centrum obce. ,"�t|9�12,12:30�16|�t|12:30�   16|p�|9�12,12:30�17:30|",
Ji��n,Profesion�ln� knihovna,M�stsk� knihovna F. �r�mka Sobotka ,"n�m. M�ru 4, 507 43 Sobotka ",493 571 110,knihovna@sobotka.cz,"Ve�ejn� knihovna - internet, kop�rov�n�, p�ed�ky atd.","po|12�16|�t, �t |9�11, 13�17|p�|13�17|",
Ji��n,Profesion�ln� knihovna,M�stn� knihovna Star� Paka,"Revolu�n� 180, 507 91 Star� Paka",493 620 618/723 343 501,knihovna@starapaka.cz,M�stn� knihovna se nach�z� v opraven� roubence v centru Star� Paky. Internet. Z�izuje obec Star� Paka.,"po|9�11, 12�15|�t,�t|9�11, 12�17|",
Ji��n,Profesion�ln� knihovna,M�stn� knihovna Vysok� Vesel�,"M�rov� n�m�st� 23, 507 03 Vysok� Vesel�",493 538 599,knihovna@vysokeveseli.cz,Kulturn� informa�n� centrum obce. ,"�t,�t|8�16|",
Ji��n,Profesion�ln� knihovna,M�stn� knihovna �eleznice,"�imonkova 85, 507 13 �eleznice",725 881 992/773 625 712,knih.zel@seznam.cz,,"po,st|9�12, 13:30�18|�t|12:30�14:30|",
Ji��n,Neprofesion�ln� knihovna,Ba�nice,"Ba�nice 3, 508 01",,basnice@podchlumi.cz,Samostatn� m�stnost v budov� obecn�ho ��adu.,letn� �as st|19�21|zimn� �as|18�20| internet stejn�,
Ji��n,Neprofesion�ln� knihovna,B�chary,"B�chary 5, 507 32",,knihovna@bechary.cz,Samostatn� m�stnost v budov� obecn�ho ��adu.,po|8�14|�t|8�16|st�p�|    8�14|,
Ji��n,Neprofesion�ln� knihovna,B�l� u Pecky,507 82 B�l� u Pecky,,knihovna.belaup@cbox.cz,Samostatn� m�stnost v budov� obecn�ho domku.,�t|17:30�19:30|,
Ji��n,Neprofesion�ln� knihovna,Brada-Rybn��ek,"Rybn��ek 30, 506 01",,,V prvn�m pat�e domku obecn�ho ��adu.,p�|17�18|,
Ji��n,Neprofesion�ln� knihovna,B�횝any,507 74 B�횝any,,knihovnabristany@seznam.cz,Samostatn� m�stnost v budov� obecn�ho domku.,�t|18�20|,
Ji��n,Neprofesion�ln� knihovna,Bukvice,"Bukvice 27, 506 01",,Knihovn.Bukvice@seznam.cz,Samostatn� m�stnost v budov� obecn�ho ��adu.,so|14�17|,
Ji��n,Neprofesion�ln� knihovna,Byst�ice,"Byt�ice 27, 507 23",,knihovna.bystrice@seznam.cz,Samostatn� m�stnost v budov� mate�sk� �kolky.,�t|17:30�18:30|,
Ji��n,Neprofesion�ln� knihovna,Cerekvice nad Byst�ic�,"Cerekvice 53, 507 77",,knihovnacerekvice@seznam.cz,Samostatn� m�stno v budov� obecn�ho ��adu.,st|16�18|,
Ji��n,Neprofesion�ln� knihovna,�erven� T�eme�n�,"�erven� T�eme�n� 47, 507 71",,outc@C-mail.cz,V ��adovn� obecn�ho ��adu.,�t|15:30�17|,
Ji��n,Neprofesion�ln� knihovna,Chomutice,"Chomutice 53, 507 53",,chomutice.knihovna@seznam.cz,Samostatn� m�stnost v budov� obecn�ho ��adu.,"po, st|16�17:30|",
Ji��n,Neprofesion�ln� knihovna,Chote�,"Chote� 129, 507 81",,Chotec.knihovna@seznam.cz,��adovna obecn�ho ��adu.,�t|16�18|�t|17�18|d�le dle dohody,
Ji��n,Neprofesion�ln� knihovna,D�tenice,"D�tenice 141, 507 24",,knihovnadetenice@seznam.cz,Samostatn� m�stnost v budov� obecn�ho ��adu.,"po,st|7�17|�t|7�15:30|        p�|7�12:30|",
Ji��n,Neprofesion�ln� knihovna,Dobr� Voda u Ho�ic,"Dobr� voda 131, 507 73",,knihovnadv@seznam.cz,Zasedac� m�stnost obecn�ho ��adu.,�t|16�17|internet v ��edn�ch hodin�ch obecn�ho ��adu|po�p�|7�15|,
Ji��n,Neprofesion�ln� knihovna,Hol�n,"Hol�n 10, 506 01",,obecholin@quick.cz,Samostatn� m�stnost v budov� obecn�ho ��adu.,st|15�17|,
Ji��n,Neprofesion�ln� knihovna,Holovousy,"Holovousy 39, 508 01",,knihovna@holovousy.cz,Samostatn� m�stnost v budov� obecn�ho ��adu.,"po,�t|8�10|�t|15�17|",
Ji��n,Neprofesion�ln� knihovna,Je�ice,"Je�ice 21, 508 01",,,Samostatn� m�stnost v budov� obecn�ho ��adu.,,
Ji��n,Neprofesion�ln� knihovna,Kac�kova Lhota,"Kac�kova Lhota 48, 506 01",,knihovna.kacakovalhota@seznam.cz,Zasedac� m�stnost obecn�ho ��adu.,�t|18:30�19:30|,
Ji��n,Neprofesion�ln� knihovna,Kbelnice,506 01 Kbelnice,,knihovna.kbelnice@seznam.cz,M�stnost v budov� obecn�ho ��adu.,po|17�18|d�le dle dohody,
Ji��n,Neprofesion�ln� knihovna,Libo�ovice,"Libo�ovice 104, 507 44",,trizuby@seznam.cz,Budova obecn�ho ��adu 1. patro.,p�|15�18|                        �ervenec�srpen|p�|16�19|,
Ji��n,Neprofesion�ln� knihovna,Libu�,"Libu� 27, 507 15",,Knihovna.Libun@seznam.cz,Samostatn� m�stnost v budov� obecn�ho ��adu.,�t|16�17:30|�t|9�10|,
Ji��n,Neprofesion�ln� knihovna,Libunec,507 15 Libunec,,knihovnalibunec@seznam.cz,V obecn�m domku.,po|17�18|,
Ji��n,Neprofesion�ln� knihovna,L�skovice,"L�skovice 56, 508 11",,lk.liskovice@seznam.cz,Samostatn� m�stnost v hasi�sk� zbrojnici.,�t|18�19|,
Ji��n,Neprofesion�ln� knihovna,Lukavec u Ho�ic,507 60 Lukavec,,knihovnalukavec@seznam.cz,Samostatn� m�stnost v budov� b�val� �koly.,�t|15:30�17|,
Ji��n,Neprofesion�ln� knihovna,Lu�any,"Lu�any 144, 507 06",,knihovna.luzany@email.cz,Zasedac� m�stnost obecn�ho ��adu.,st|16�18|,
Ji��n,Neprofesion�ln� knihovna,Markvartice,507 42 Markvartice,,knihovna.markvartice@seznam.cz,Samostatn� m�stnost v budov� vedle obecn�ho ��adu.,po|15:30�17:30|,
Ji��n,Neprofesion�ln� knihovna,Mil��eves,"Mil��eves 1, 506 01",,knihovna.miliceves@seznam.cz,Samostatn� m�stnost v budov� domova d�chodc�.,"po, st|15�17|",
Ji��n,Neprofesion�ln� knihovna,Milovice,"Milovice u Ho�ic 80, 508 01",,knihovnamilovice@seznam.cz,Spole�ensk� m�stnost v rehabilita�n� budov�.,st|14�17|,
Ji��n,Neprofesion�ln� knihovna,Mlad�jov,507 45 Mlad�jov,,knihovnamladejov@seznam.cz,Samostatn� m�stnost v budov� b�val� �koly.,po|16�18|,
Ji��n,Neprofesion�ln� knihovna,Ml�zovice,"Ml�zovice 4, 507 58",,knihovna.mlazovice@seznam.cz,Samostatn� m�stnost v budov� obecn�ho ��adu.,�t|17:30�19:30|,
Ji��n,Neprofesion�ln� knihovna,Ostru�no,506 01 Ostru�no,,knihovna.ostruzno@seznam.cz,Samostatn� m�stnost v budov� obecn�ho ��adu.,po|18�19|internet|po|17�19|d�le dle dohody,
Ji��n,Neprofesion�ln� knihovna,Podhorn� �jezd a Vojice,"Podhorn� �jezd a Vojice 141, 507 54",,ou@podhorniujezd.cz,Samostatn� m�stnost v budov� obecn�ho ��adu.,"po��t,�t�p�|7�15|st|16�18|",
Ji��n,Neprofesion�ln� knihovna,Pod�l��,"Pod�l�� 90, 506 01",,knihovnapodulsi@seznam.cz,Samostatn� m�stnost v budov� obecn�ho ��adu.,po letn� �as|19�20|zimn� �as|18�19|,
Ji��n,Neprofesion�ln� knihovna,Prachov,506 01 Prachov ,,knihovna.prachov@seznam.cz,Samostatn� m�stnost v budov� obecn�ho domku.,�t|18:30�20:30|,
Ji��n,Neprofesion�ln� knihovna,Radim,507 12 Radim,,radimujicina@seznam.cz,Samostatn� m�stnost omku �. p. 41.,�t|17�18|,
Ji��n,Neprofesion�ln� knihovna,Sam�ina,"Sam�ina 41, 507 41",,Knihovna.Samsina@seznam.cz,Samostatn� m�stnost v budov� obecn�ho ��adu.,so|8�10|,
Ji��n,Neprofesion�ln� knihovna,Sb�r,"Sb�r 38, 507 03",,knihovnasber@seznam.cz,Samostatn� m�stnost v budov� obecn�ho ��adu.,st|13:30�17:30|,
Ji��n,Neprofesion�ln� knihovna,Sem�nova Lhota,512 63 Sem�nova Lhota,,,,,
Ji��n,Neprofesion�ln� knihovna,Sku�ina,507 43 Sku�ina ,,knihovna.markvartice@seznam.cz,Pobo�ka - spole�ensk� m�stnost v budov� obecn�ho domku. Nen� internet.,po|15�16|,
Ji��n,Neprofesion�ln� knihovna,Slatiny,507 01 Slatiny,,knihovna.slatiny@centrum.cz,Samostatn� m�stnost v budov� kulturn�ho domu.,po|17�20|,
Ji��n,Neprofesion�ln� knihovna,Slavhostice,"Slavhostice 116, 507 32",,knihovna.slavhostice@seznam.cz,Zasedac� m�stnost v budov� obecn�ho ��adu.,so|8:30�9:30|,
Ji��n,Neprofesion�ln� knihovna,Sob�ice,"Sob�ice 25, 507 54",,knihovna.sobcice@centrum.cz,Samostatn� m�stnost v budov� obecn�ho ��adu.,st|14:30�19|,
Ji��n,Neprofesion�ln� knihovna,Stav,509 01 �bislavice - Stav,,mlkstav@seznam.cz,V obecn�m domku.,�t|15�17|,
Ji��n,Neprofesion�ln� knihovna,St�eva�,"St�eva� 49, 507 22",,strevac@mybox.cz,Samostatn� m�stnost v budov� obecn�ho ��adu.,ne|16�18|,
Ji��n,Neprofesion�ln� knihovna,Sukorady,"Sukorady 70, 508 01",,Sukorady.knihovna@seznam.cz,Samostatn� m�stnost v budov� obecn�ho ��adu.,st|18�20|,
Ji��n,Neprofesion�ln� knihovna,Svatoj�nsk� �jezd,"Svatoj�nsk� �jezd 54, 507 81",,knihovna@svatojanskyujezd.cz,Knihovna Stanislava Rudolfa. Samostatn� m�stnost v budov� obecn�ho ��adu.,"�t,�t|16�18|",
Ji��n,Neprofesion�ln� knihovna,Tet�n,"Tet�n 57, 507 71",,Knihovna.Tetin@seznam.cz,Samostatn� m�stnost v budov� obecn�ho ��adu.,p�|19�20|,
Ji��n,Neprofesion�ln� knihovna,T�ebnou�eves,"T�ebnou�eves 80, 508 01",,Knihovna.Trebnouseves@seznam.cz,Samostatn� m�stnost v budov� obecn�ho ��adu.,�t|18�20|,
Ji��n,Neprofesion�ln� knihovna,T�t�nice,"T�et�nice 127, 507 04",,knihovna.trtenice@seznam.cz,Samostatn� m�stnost v budov� obecn�ho ��adu.,"�t,�t|18�19:30|",
Ji��n,Neprofesion�ln� knihovna,Tu�,506 01 Tu�,,knihovna.tur@seznam.cz,Zasedac� m�stnost obecn�ho ��adu.,�t|13�17|,
Ji��n,Neprofesion�ln� knihovna,�drnice,507 23 �drnice,,,Samostatn� m�stnost v budov� obecn�ho ��adu.,so|13�16|,
Ji��n,Neprofesion�ln� knihovna,�hlejov,"�lehlov 50, 507 71",,,Samostatn� m�stnost v budov� obecn�ho ��adu.,p� letn� �as|19�21|p� zimn� �as|18�20|,
Ji��n,Neprofesion�ln� knihovna,�libice,"�libice 53, 507 07",,knihovna.ulibice@quick.cz,Samostatn� m�stnost v budov� obecn�ho ��adu.,�t|17�19|,
Ji��n,Neprofesion�ln� knihovna,Valdice,507 11 Valdice,,knihovna.valdice@seznam.cz,Na n�m�st� v 1. pat�e obecn�ho domu.,po|14�17|st|9�10:30|,
Ji��n,Neprofesion�ln� knihovna,Veli�,"Veli� 4, 507 21",,obecvelis@tiscali,Samostatn� m�stnost v budov� obecn�ho ��adu.,po|17�19|,
Ji��n,Neprofesion�ln� knihovna,Vidochov,"Vidochov 94, 509 01",,knihovna.vidochov@seznam.cz,Samostatn� m�stnost v budov� obecn�ho ��adu.,po|18�20|,
Ji��n,Neprofesion�ln� knihovna,Vidonice,507 82 Vidonice ,,knihovna.pecka@cbox.cz,"Pobo�ka knihovny v Pecce v obecn�m domku, internet nen�.",�t|16�17|,
Ji��n,Neprofesion�ln� knihovna,Vitin�ves,"Vitin�ves 110, 506 01",,knihovna.vitineves@seznam.cz,Samostatn� m�stnost v budov� obecn�ho ��adu.,"st, p�|17�19|",
Ji��n,Neprofesion�ln� knihovna,Volanice,"Volanice 130, 507 03",,arleta8@seznam.cz,Samostatn� m�stnost v budov� obecn�ho ��adu.,po|16�17:30|,
Ji��n,Neprofesion�ln� knihovna,Vrbice,"Vrbice 25, 507 02",,obec.vrbice@seznam.cz,Budova b�val� prodejny.,p�|17�18|,
Ji��n,Neprofesion�ln� knihovna,Vr�ce,"Vr�ce 91, 507 33",,vrsce.knihovna@seznam.cz,Samostatn� m�stnost v budov� obecn�ho ��adu.,�t|17�18|,
Ji��n,Neprofesion�ln� knihovna,Zbo��,507 92 Zbo�� (�bislavice),,knihovna.ubislavice@email.cz,Spole�ensk� m�stnost v budov� obecn�ho domku.,�t|16�17|,
Ji��n,Neprofesion�ln� knihovna,�idovice,507 32 �idovnice,,zidovnice@seznam.cz,M�stnost v budov� obecn�ho ��adu.,po|16�17|,
Ji��n,Neprofesion�ln� knihovna,�lunice,507 34 �lunice,,knihovnazlunice@seznam.cz,Samostatn� m�stnost v budov� b�val� fary.,�t|16�17|,
N�chod,Pov��en� knihovna,"M�stsk� knihovna N�chod, o. p. s. ","Kamenice 105, 547 01 N�chod",778 487 438/491 423 338,havlova@mknachod.cz,M�stsk� knihovna N�chod je pov��ena v�konem region�ln� funkce na N�chodsku a pln� roli poskytovatele podp�rn�ch slu�eb men��m a neprofesion�ln�m knihovn�m v regionu.,"po,p�|9�17|�t, st,�t|9�18|so|9�11|",
N�chod,Profesion�ln� knihovna,M�stsk� knihovna Broumov,"M�rov� n�m. 52, 550 01 Broumov",491 523 733,knihovna@broumov.net,"M�stsk� knihovna je knihovnou ve�ejnou. Poskytuje v�p�j�n�, informa�n� �i reprografick� slu�by, po��d� kulturn� akce. ","po,st,�t|8�17|�t|8�18|so|8:30�10:30|",
N�chod,Profesion�ln� knihovna,M�stsk� knihovna �erven� Kostelec,"Sokolsk� 293, 549 41 �erven� Kostelec",491 463 384,info@knihovnack.cz,"Knihovna B�etislava Kafky. Slu�by knihovnick�, informa�n�, reproduk�n� atd. ","po|9�12,12�18|�t|9�15|�t|13�18|so|8:30�11|",po�p�|12�17|
N�chod,Profesion�ln� knihovna,M�stsk� knihovna �esk� Skalice,"Husova n�m. 20, 552 03 �esk� Skalice",491 452 518,knihovna@ceskaskalice.cz,Ve�ejn� knihovna s obvykl�mi knihovnick�mi a informa�n�mi slu�bami. ,"po, �t|7�8, 12�17| �t, p� |7�8| st|12�15|",
N�chod,Profesion�ln� knihovna,M�stsk� knihovna Egona Hostovsk�ho Hronov,"Komensk�ho 8, 549 31 Hronov",491 483 480,info@knihovnahonov.cz,"Ve�ejn� knihovna poskytuj�c� v�em ob�an�m knihovnick�, informa�n�  a reprografick� slu�by. ","po, �t, �t |8:30�11, 12:30�17:30|                 so |8:30�11|",
N�chod,Profesion�ln� knihovna,M�stsk� knihovna Jarom��,"Vojt�cha Probo�ta 180, 551 01 Jarom��",491 812 815,knihovn.jaro@worldline.cz,"M�stsk� knihovna je knihovnou ve�ejnou. Knihovnick� slu�by, �ada kulturn�ch akc�, podp�rn� �innost obecn�m knihovn�m.","po |8�11, 13�17|       �t |13�18|         st|13�17|           p�|8�13|",
N�chod,Profesion�ln� knihovna,M�stsk� knihovna Mezim�st�,"Dlouh� 116, 549 81 Mezim�st�",724 511 052/491 580 275,knihovna@mezimesti.cz,"Ve�ejn� knihovna, r�zn� kulturn� akce, knihovnick� a informa�n� slu�by ad.","po, �t, �t |9�11, 13�17|                       prvn� sobota v m�s�ci |7�9|",
N�chod,Profesion�ln� knihovna,Knihovna Reg. muzea v N�chod�,"Masarykovo n�m. 1, 547 01 N�chod",491 423 248,muzeumna.knihovna@seznam.cz,"Knihovna je knihovnou ve�ejnou se specializovan�m knihovn�m fondem a umo��uje pouze prezen�n� studium knih a periodik. Sou��st� fondu jsou i publikace sb�rkov� povahy (modlitebn� kn�ky, s tematikou lidov�ho l��itelstv� apod.).",po domluv� je mo�n� nav�t�vit knihovnu v pracovn� dny,
N�chod,Profesion�ln� knihovna,Knihovna St�tn�ho okresn�ho archivu N�chod,"Doben�nsk� 96, 547 01 N�chod",491 428 294,archiv@sokana.cz,"Specializovan� knihovna shroma��uj�c� odborn� publikace a periodika z oboru historie, region�ln�ch d�jin a p��buzn�ch obor�.","po,st|8�17|",
N�chod,Profesion�ln� knihovna,Odborn� knihovna Oblastn� nemocnice N�chod,"Purky�ova 446, 547 69 N�chod",491 601 295,knihovna@nemocnicenachod.cz,"Odborn� knihovna ON N�chod je knihovnou v p�sobnosti Ministerstav zdravotnictv� a ministerstva kultury. Funkce ve�ejn� odborn� knihovny, poskytuje knihovnick� a informa�n� slu�by. Knihovn� fond se skl�d� zejm�na z publikac� z oblasti zdravotnictv�, p��rodn�ch a spole�ensk�ch v�d.","po��t,st,p�|7:15�15|      �t|7:15�17|",
N�chod,Profesion�ln� knihovna,M�stsk� knihovna Nov� M�sto nad Metuj�,"Komensk�ho 30, 549 01 Nov� M�sto n. Met.",491 470 247,biblio@knihovnanm.cz,Ve�ejn� knihovna s�dl� v centru m�sta v nov� zrekonstuovan� budov�. ,"po, st, �t|8�8| �t|13�18|p�|8�12|   so|8�12|","po, �t|8�18|            �t,st|12�18|             p�|12�16|              so|8�12|"
N�chod,Profesion�ln� knihovna,Knihovna Police nad Metuj�,"Masarykovo n�m. 75, 549 54 Police n. Met.",491 543 230,knihovna@knihovna-police.cz,"Knihovna M�sta Police nad Metu� je PO m�sta a s�dl� v Pellyho domech. Ve�ejn� knihovna s univerz�ln�mi fondy, centrum bibliografick�ch a informa�n�ch slu�eb. ","�t, �t |9�17:30|","po, �t�p�|12�17|"
N�chod,Profesion�ln� knihovna,M�stsk� knihovna Teplice n. Met.,"Rooseveltova 106, 549 57 Teplice n. Met.",491 581 444,knihovna.teplicenm@tiscali.cz,M�stsk� ve�ejn� knihovna s univerz�ln�mi fondy a slu�bami. ,"po,st|9�17|                   �t|9�15|              �t|12�17|",
N�chod,Profesion�ln� knihovna,Knihovna m�styse Velk� Po����,"N�m�st� 102, 549 32 Velk� Po����",491 485 323,knihovna@velkeporici.cz,"Knihovna M�styse Velk� Po���� je obecn� knihovnou s bohat�m knihovn�m fondem. V d�tsk�m odd�len� je unik�tn� fond poh�dek, dobrodu�n� literatury, pov�st� atd.","po|9�11,13�18|      st|8�11, 13�18| �t|13�18|                  p�|8�11|",
N�chod,Neprofesion�ln� knihovna,Adr�pach,"Horn� Adr�pach 115, 549 52 Adr�pach",,Knihovna.Adrspach@seznam.cz,Knihovna je v samostatn� budov� a je v n� um�st�na stanice ve�ejn�ho internetu.,"�t, st|16�18|",
N�chod,Neprofesion�ln� knihovna,Bezd�kov,"Bezd�kov nad Metuj� 69, 549 64",,knihovna.bezdekov@seznam.cz,"Knihovna se nach�z� v budov� �koly, poskytuje p��stup k s�ti Internet.","st, p�|15�17|                     o letn�ch pr�zdnin�ch zav�eno",
N�chod,Neprofesion�ln� knihovna,Bohuslavice,"Bohuslavice nad Metuj� 175, 549 06",,,"Knihovna se nach�z� v budov� obecn�ho ��adu, poskytuje p�ipojen� na internet.  ",p�|16�18|                        v zim� p�|15�17|,
N�chod,Neprofesion�ln� knihovna,�ern�ice,"�ern�ice 68, 549 01 Nov� M�sto nad Metuj�",,Knihovna.Cerncice@seznam.cz,"Knihovna se nach�z� v budov� kulturn�ho domu, poskytuje p�ipojen� na internet.",ne|9�11|,
N�chod,Neprofesion�ln� knihovna,�erven� Hora,"�erven� Hora 58, 549 41 �erven� Kostelec",,,Knihovna se nach�z� v budov� �koly.,so|9�11|,
N�chod,Neprofesion�ln� knihovna,�esk� �ermn�,"�esk� �ern� 128, 549 01 �esk� �ermn�",,Knihovna.CeskaCermna@seznam.cz,Knihovna je v budov� obecn�ho ��adu a je v n� um�st�na stanice ve�ejn�ho internetu.,po|17�19|,
N�chod,Neprofesion�ln� knihovna,�esk� Metuje,"�esk� Metuj� 10, 549 56",,,"Knihovna je v budov� obecn�ho ��adu, poskytuje p�ipojen� k s�ti Internetu.","�t, p�|15�17|",
N�chod,Neprofesion�ln� knihovna,Chvalkovice,"Chvalkovice 130, 552 04",,chvalkovice.knihovna@quick.cz,"Knihovna se nach�z� v budov� mate�sk� �kolky, poskytuje p�ipojen� na internet.",st|17�18:30|         �t|12:30�14|,
N�chod,Neprofesion�ln� knihovna,Dolany,"Dolany 32, 552 01",,,Knihovna se nach�z� v suter�nu obecn�ho ��adu. ,po|17�18|,
N�chod,Neprofesion�ln� knihovna,Doln� Radechov�,"N�chodsk� 117, 549 11 Doln� Radechov�",,knihovna.dolradechova@worldline.cz,"Knihovna je v budov� obecn�ho ��adu, poskytuje p�ipojen� k s�ti Internetu.",st|17�19|,
N�chod,Neprofesion�ln� knihovna,Dolsko,"Dolsko 18, 549 01 Nov� M�sto nad Metuj�",,,,na po��d�n�,
N�chod,Neprofesion�ln� knihovna,Doubravice,"Doubravice 33, 552 03",,,,p�|17�18|,
N�chod,Neprofesion�ln� knihovna,Hejtm�nkovice,"Hejtm�nkovice 203, 550 01",,Knihovna.Hejtmankovice@seznam.cz,Knihovna je v budov� mate�sk� �koly a je v n� um�st�na stanice ve�ejn�ho internetu.,po|15�17|,
N�chod,Neprofesion�ln� knihovna,He�manice,"He�manice 13, 552 12",,obec.hermanice@quick.cz,Knihovna je um�st�na v budov� obecn�ho ��adu a je v n� um�st�na stanice ve�ejn�ho internetu.,po|15:30�16:30|           st|15�17|,
N�chod,Neprofesion�ln� knihovna,He�m�nkovice,"He�m�nkovice 263, 549 84",,,Knihovna se nach�z� v budov� mate�sk� �kolky a je v n� um�st�na stanice ve�ejn�ho internetu.,po|15�17|                �t|9�11|,
N�chod,Neprofesion�ln� knihovna,Ho�i�ky,"Ho�i�ky 4, 552 05 �esk� Skalice",,obec.horicky@quick.cz,Knihovna je v budov� obecn�ho ��adu a je v n� um�st�na stanice ve�ejn�ho internetu.,po|13�17:30| st|13�17|,
N�chod,Neprofesion�ln� knihovna,Horn� Radechov�,"Horn� Radechov� 196, 549 46",,knihovnahr@seznam.cz,"Knihovna je v budov� �koly, poskytuje p�ipojen� na internet.",po|18�20|,
N�chod,Neprofesion�ln� knihovna,Horn� Rybn�ky,"Z�brod�, Horn� Rybn�ky 35, 549 41 Z�brod�",,ou.zabrodi@tiscali.cz,Knihovna se nach�z� v budov� obecn�ho ��adu.,po|18:30�20|,
N�chod,Neprofesion�ln� knihovna,Hust��any,552 11 Hust��any,,,,po|19�20|,
N�chod,Neprofesion�ln� knihovna,Hyn�ice,"Hyn�ice 15, 549 83",,obec.hyncice@worldline.cz,Knihovna je v budov� obecn�ho ��adu a je v n� um�st�na stanice ve�ejn�ho internetu.,po|14�17|st|14�16|,
N�chod,Neprofesion�ln� knihovna,Jasenn�,"Jasenn� 68, 552 22",,knihovnajasenna@seznam.cz,Knihovna je v budov� obecn�ho ��adu a poskytuje p��stup na internet.,po|15�17|,
N�chod,Neprofesion�ln� knihovna,Jest�eb�,"Jest�eb� 60, 549 01 Nov� M�sto nad Metuj�",,jestrebi.na@wo.cz,"Knihovna se nach�z� v budov� obecn�ho ��adu, poskytuje p�ipojen� na internet.  ",st|16�17|,
N�chod,Neprofesion�ln� knihovna,Jet�ichov,549 83 Jet�ichov,,,Knihovna se nach�z� v budov� po��rn� zbrojnice.,po|15�17|,
N�chod,Neprofesion�ln� knihovna,Kramolna,"Kramolna 172, 547 01 N�chod",,knihovna.kramolna@tiscali.cz,Knihovna je um�st�na v budov� obecn�ho ��adu a je v n� um�st�na stanice ve�ejn�ho internetu.,st|14�17|,
N�chod,Neprofesion�ln� knihovna,K�inice,"K�inice 45, 550 01 Broumov",,,Knihovna se nach�z� v budov� Obecn�ho domu.,�t|15�17|,
N�chod,Neprofesion�ln� knihovna,Machov,"Machov 119, 549 63",,knihovna.machov@seznam.cz,"Knihovna je v budov� obecn�ho ��adu, umo��uje p��stup k s�ti Internetu.",�t|16�19|                              v zim� �t|15:30�18:30|,
N�chod,Neprofesion�ln� knihovna,Mart�nkovice,"Mart�nkovice 186, 549 73",,Knihovna.Martinkovice@seznam.cz,Knihovna se nach�z� v budov� obecn�ho ��adu a poskytuje p�ipojen� na internet.,po|14�17|,
N�chod,Neprofesion�ln� knihovna,Meziles�,549 23 Meziles� (549 01 Nov� M�sto nad Met.),736 424 953,knihovna@mezilesi.cz,"Knihovna se nach�z� v budov� po��rn� zbrojnice, poskytuje p�ipojen� na internet.",p�|17�18|,
N�chod,Neprofesion�ln� knihovna,Naho�any,"Naho�any 76, 549 07",,knihovnanahorany1@seznam.cz,Knihovna se nach�z� v budov� obecn�ho ��adu.,st|15�17|,
N�chod,Neprofesion�ln� knihovna,Nov� Hr�dek,"Hradn� 102, 549 22 Nov� Hr�dek",,knihovna-novyhradek@seznam.cz,Knihovna je v budov� mate�sk� �koly a je v n� um�st�na stanice ve�ejn�ho internetu.,"po|12�14, 15�17|",
N�chod,Neprofesion�ln� knihovna,Nov� Ples,"Nov� Ples 28, 551 01",,ou.novyples@cbox.cz,Knihovna je v budov� obecn�ho ��adu. ,l�to po|18�19|           zima po|17�18|,
N�chod,Neprofesion�ln� knihovna,Otovice,"Otovice 196, 549 72",,,Knihovna se nach�z� v budov� obecn�ho ��adu a poskytuje p�ipojen� na internet.,po|17�18|,
N�chod,Neprofesion�ln� knihovna,P�ibyslav,"P�ibyslav, 549 01 Nov� M�sto nad Metuj�",,,,st|16�17|,
N�chod,Neprofesion�ln� knihovna,Provodov,"Provodov 74, 549 08",,,Knihovna se nach�z� v budov� po��rn� zbrojnice.,po|17�18:30|,
N�chod,Neprofesion�ln� knihovna,Raso�ky,"Raso�ky 50, 552 21",,knihovna.rasosky@seznam.cz,Knihovna se nach�z� v budov� obecn�ho ��adu. ,�t|16�18|,
N�chod,Neprofesion�ln� knihovna,�e�etova Lhota,547 01 �e�etova Lhota,,knihovna.resetovalhota@cmail.cz,Knihovna je v obecn�m dom� a je v n� um�st�na stanice ve�ejn�ho internetu.,p�|16:30�18:30|,
N�chod,Neprofesion�ln� knihovna,��kov,"��kov 51, 552 03 �esk� Skalice",,knihovna@obecrikov.cz,Knihovna se nach�z� v budov� obecn�ho ��adu a poskytuje p�ipojen� na internet.,st|16�18|,
N�chod,Neprofesion�ln� knihovna,Ro�nov,"Ro�nov 72, 551 01",,,Knihovna se nach�z� v budov� obecn�ho ��adu.,po|18�19|,
N�chod,Neprofesion�ln� knihovna,Rychnovek ,"Rychnovek 50, 552 25",,knihovna.rychnovek@seznam.cz,Knihovna je v budov� obecn�ho ��adu a poskytuje p��stup na internet.,po|17:30�19:30|,
N�chod,Neprofesion�ln� knihovna,�estajovice,"�estajovice 70, 551 01",,,Knihovna se nach�z� v budov� obecn�ho ��adu a poskytuje p�ipojen� na internet.,p�|17�19|,
N�chod,Neprofesion�ln� knihovna,Slatina nad �pou,"Slatina nad �pou 65, 549 47 ",,knihovna.slatina@tiscali.cz,Knihovna se nach�z� v budov� obecn�ho ��adu.,po|16�19:30|,
N�chod,Neprofesion�ln� knihovna,Slav�t�n,"Slav�t�n 83, 549 01 Slav�t�n nad Metuj�",,knihovna.slavetinnm@gmail.com,"Knihovna je um�st�na v budov� obecn�ho ��adu, poskytuje p��stup k s�ti internet.",p�|16�18|,
N�chod,Neprofesion�ln� knihovna,Slavo�ov,"Slavo�ov, 549 01 Nov� M�sto n. Met.",,,Knihovna se nach�z� v budov� mate�sk� �kolky naproti kostelu.,�t|15:30�17|,
N�chod,Neprofesion�ln� knihovna,�onov,549 71 Provodov-�onov,,,Knihovna se nach�z� v budov� obecn�ho ��adu.,�t|16:30�18|,
N�chod,Neprofesion�ln� knihovna,�onov u Broumova,"�onov 318, 549 71",,,Knihovna se nach�z� v budov� obecn�ho ��adu spole�n� s po�tou a mate�skou �kolkou.,po|16�17|,
N�chod,Neprofesion�ln� knihovna,Starko�,,,,Sou��st obce Studnice.,,
N�chod,Neprofesion�ln� knihovna,St�rkov,"St�rkov 167, 549 36 St�rkov",,oknihovna@centrum.cz,Knihovna se nach�z� v budov� z�kladn� �koly.,st|15�17|              p�|17�19|,
N�chod,Neprofesion�ln� knihovna,Studnice,547 01 Studnice,,knihovnastudnice@seznam.cz,Knihovna je  v budov� obecn�ho ��adu a je v n� um�st�na stanice ve�ejn�ho internetu.,p�|15�17|,
N�chod,Neprofesion�ln� knihovna,Such� D�l,"Suh� D�l 24, 549 62",,Knihovna.SuchyDul@seznam.cz,"Knihovna se nach�z� v budov� �koly, poskytuje p��stup k s�ti Internet.",st|14:15�16|                     p�|14:15�15:45|,
N�chod,Neprofesion�ln� knihovna,Trub�jov,"Trub�jov 13, 547 01",,knihovna.trubejov13@seznam.cz,Knihovna je um�st�na v budov� obecn�ho ��adu a je v n� um�st�na stanice ve�ejn�ho internetu.,�t|16:30�18:30|,
N�chod,Neprofesion�ln� knihovna,Velichovky,"Na Z�ti�� 1, 552 11",,knihovna.velichovky@seznam.cz,"Knihovna se nach�z� v budov� obecn�ho ��adu, poskytuje p�ipojen� na internet.  ",�t|18�19:30|,
N�chod,Neprofesion�ln� knihovna,Velk� Jesenice,"Velk� Jesenice 200, 552 24",,knihovna@velkajesenice.cz,"Knihovna se nach�z� v budov� obecn�ho ��adu a mate�sk� �koly, poskytuje p��stup k internetu.",st|17�19|,
N�chod,Neprofesion�ln� knihovna,Velk� Petrovice,"Velk� Petrovice 10, 549 54",,knihovna@velkepetrovice.cz,"Knihovna se nach�z� v budov� obecn�ho ��adu, poskytuje p��stup k internetu.  ",po|16:30�18|                    p�|16�17:30|,
N�chod,Neprofesion�ln� knihovna,Veselice,Veselice,,,Samostatn� m�stnost v obecn�m domku.,so|9�11|,
N�chod,Neprofesion�ln� knihovna,Vlkov,"Vlkov 7, 551 01",605 588 925,Knihovn.Vlkov@seznam.cz,Knihovna je um�st�na v budov� b�val� �koly v 1. poschod�.,�t|15:30�18:30|,
N�chod,Neprofesion�ln� knihovna,Vr�ovka,"Vr�ovka 56, 549 01 Nov� M�sto n. Met.",,vrsovka@quick.cz,"Knihovna se nach�z� v budov� obecn�ho ��adu, poskytuje p��stup k internetu.  ",po|17�18|,
N�chod,Neprofesion�ln� knihovna,Vysokov,"Vysokov 108, 549 12",,obec.vysokov@tiscali.cz,Knihovna Jaroslava City je v budov� obecn�ho ��adu a je v n� um�st�na stanice ve�ejn�ho internetu.,"po, st|16�17:30|",
N�chod,Neprofesion�ln� knihovna,���r nad Metuj�,"���r nad Metuj� 60, 549 55",603 959 129,,Knihovna je um�st�na v budov� ���rsk� hosp�dky na n�vsi.,po|17�19|,
N�chod,Neprofesion�ln� knihovna,���rky,"���rky 35, 549 37",,knihovna.zdarky@seznam.cz,Knihovna se nach�z� v budov� obecn�ho ��adu a poskytuje p�ipojen� na internet.,po|17�19|,
N�chod,Neprofesion�ln� knihovna,�ernov,"�ernov 112, 552 03",,knihovna.zernov@seznam.cz,Knihovna se nach�z� v budov� obecn�ho ��adu a umo��uje p��stup na pc s p�ipojen�m k internetu.,p�|16�20|,
Rychnov nad Kn�nou,Pov��en� knihovna,M�stsk� knihovna Kostelec nad Orlic�,"Krupkova 1154, 517 41 Kostelec nad Orlic�",494 321 430/724 733 940,knihovna@biblio.cz,"M�stsk� knihovna, kterou z�izuje M�sto Kostelec nad Orlic�.",po|8�17:30|             st|7�17:30|           �t|8�17|,"po,st|12�17:30|      p�|12�16|"
Rychnov nad Kn�nou,Pov��en� knihovna,"Kultura Rychnov nad Kn�nou, s.r.o. M�stsk� knihovna","Pansk� 1492, 516 01 Rychnov nad Kn�nou",494 534 485,pujcovna.mkrk@kulturark.cz,"M�stsk� knihovna, spad� pod Kultura Rychnov nad Kn�nou, s. r. o. (I�: 27475689).","po,st,p�|8�12,13�17|             so|8�11|","po,st,p�         |13�17|"
Rychnov nad Kn�nou,Profesion�ln� knihovna,M�stsk� knihovna Dobru�ka ,"Na Bud�n� 850, 518 11 Dobru�ka ",494 629 585/607 834 738,knihovna@mestodobruska.cz,Organiza�n� slo�ka M�stsk�ho ��adu je z��zena za ��elem zaji��ov�n� �kol� vypl�vaj�c�ch ze z�kona o knihovn�ch. Pln� funkci st�ediskov� knihovny pro region. ,"po,st,�t|8:30�11:30,12:30�17:30|           p�|8:30�11:30,12:30�14|","po|12:30�17|   st|8:30�11:30,   12:30�17|       p�|8:30�11:30,   12:30�15|"
Rychnov nad Kn�nou,Profesion�ln� knihovna,M�stn� knihovna Doudleby,"Dukelsk� 68, 517 42 Doudleby",494 383 008,knihovna@doudleby.cz,,"po,st|9�12,13�17:30|",
Rychnov nad Kn�nou,Profesion�ln� knihovna,M�stsk� knihovna Opo�no,"Kupkovo n�m. 142, 517 73 Opo�no",774 446 163(dosp�l�)/778 052 707 (d�ti),knihovna@opocno.cz,"M�stsk� knihovna knihovnick�, informa�n� slu�by, po��d� �adu kulturn�ch akc�, besed atd.","po,�t|8�12,13�17:30|    p�|8�12|","po, st|12�17|"
Rychnov nad Kn�nou,Profesion�ln� knihovna,"V�zkumn� �stav lesn�ho hospod. a myslivosti, V�zkumn� stanice Opo�no � knihovna","Na Oliv� 550, 517 73 Opo�no",494 668 391,knihovna@vulhmop.cz,Knihovna nab�z� u�ivatel�m rozs�hl� fond monografi� a periodik z oboru p�stov�n� lesa. ,po�p�|8:30�14|          p��p. dle domluvy,
Rychnov nad Kn�nou,Profesion�ln� knihovna,St�ediskov� knihovna Rokytnice v Orl. Hor�ch,"D�m slu�eb, n�m. T. G. M. 68, 517 61 Rokytnice v Orl. h.",491 616 993,knihovna@mu.rokytnice.cz,"Knihovna spad� po M�stsk� informa�n� a kulturn� st�edisko, ��d� se otev�rac� dobou informa�n�ho centra.","aktu�ln� otev�rac� doba leden�b�ezen po|9�11:30,12�16|�t,st,�t,p�|7:30� 11:30,12�16|so|8�12|",
Rychnov nad Kn�nou,Profesion�ln� knihovna,Knihovna Muzea a galerie Orlick�ch hor Rychnov nad Kn�nou,"Jir�skova 2, 516 01 Rychnov nad Kn�nou",,,,,
Rychnov nad Kn�nou,Profesion�ln� knihovna,M�stsk� knihovna T�ni�t� nad Orlic�,"�s. Arm�dy 937, 517 21 T�ni�t� n. Orl.",494 377 131,knihovna.tyniste@wo.cz,"M�stsk� knihovna je knihovnou z�kladn�, kter� vykon�v� informa�n�, kulturn� a vzd�l�vac� �innost, poskytuje reprografick� slu�by atd.","po|8�12,13�18|            st,�t|8�12,13�17|","po,st|13�17|"
Rychnov nad Kn�nou,Profesion�ln� knihovna,M�stsk� knihovna Vamberk,"Vo��kova 84, 517 54 Vamberk",494 541 437/777 484 203,knihovna@vamberk.cz,"M�stsk� knihovna nab�z� knihovnick�, informa�n� a dal�� slu�by v oblasti kultury. M� dv� pobo�ky.  ","po,�t|8�11,13�17|","po|13�17|           �t|9�11,13�17|p�|12�15|"
Rychnov nad Kn�nou,Neprofesion�ln� knihovna,Albrechtice nad Orlic�,"Na Drah�ch 112, 517 22",,knihovnaaano@seznam.cz,,st v zim�|16�18|             st v l�t�|17�19|,
Rychnov nad Kn�nou,Neprofesion�ln� knihovna,Ba�et�n (Dobru�ka),"Ba�et�n 100, 518 01",494 665 607 (O�),,Knihovna se nach�z� v budov� O�.,letn� �as (1.11.�31.10.) �t|19�20|,zimn� �as (1.11.�31.3.) �t|16�17|
Rychnov nad Kn�nou,Neprofesion�ln� knihovna,Barto�ovice v Orl. hor�ch,"Barto�ovice v Orl. hor�ch 35, 517 61",605 768 499,info@bartosovice.eu,"Obecn� knihovna, ve�ejn� dostupn� internet. ",�t|17�18:30|,
Rychnov nad Kn�nou,Neprofesion�ln� knihovna,B�l� (Liberk),"B�l� �p. 1, 517 12 Liberk",494 545 129 (O� Liberk),obec.liberk@seznam.cz,Knihovna se nach�z� v budov� b�val� �koly.,ne|14�15|,
Rychnov nad Kn�nou,Neprofesion�ln� knihovna,B�l� �jezd (Dobru�ka),"Bil� �jezd 42, 518 01",498 773 661/732 321 337,buknihovna@centrum.cz,Knihovna se nach�z� v 1. pat�e O�. Nab�z� mj. voln� p��stup k internetu.,po|18�19|,
Rychnov nad Kn�nou,Neprofesion�ln� knihovna,Bohda��n (Dobru�ka),"Bohda��n 21, 518 01",494 665 586 (O�),obec.bohdasin@dobruska.net,Knihovna se nach�z� v budov� O�.,po|17�18:30|,
Rychnov nad Kn�nou,Neprofesion�ln� knihovna,Boleho�� ,"Boleho�� 10, 517 31",494 627 269/732 455 511,bolehost@tiscali.cz,,st|15�17|,
Rychnov nad Kn�nou,Neprofesion�ln� knihovna,Borohr�dek,"Husova 240, 517 24",606 154 043,Knihovna.Borohradek@seznam.cz,"M�stsk� knihovna se nach�z� v 1. pat�e budovy m�stsk�ho ��adu, poskytuje p��stup k internetu.",po|16�18|�t|9:30�                 11:30|                      posledn� sobota v m�s�ci|15:30�18|,
Rychnov nad Kn�nou,Neprofesion�ln� knihovna,Borovnice,,494 547 329,borovnice@iol.cz,,,
Rychnov nad Kn�nou,Neprofesion�ln� knihovna,Brocn� (Skuhrov nad B�lou),,,,,,
Rychnov nad Kn�nou,Neprofesion�ln� knihovna,Bystr� (Dobru�ka),"Bystr� 110, 518 01",,bystreknihovna@seznam.cz,Knihovna se nach�z� v budov� O�.,�t|16�18|,
Rychnov nad Kn�nou,Neprofesion�ln� knihovna,Byzhradec ,"Byzhradec 76, 518 01",,byzhhradec@dobruska.net,Knihovna se nach�z� v budov� O�.,po|19�20|,
Rychnov nad Kn�nou,Neprofesion�ln� knihovna,�ermn� nad Orlic�,"Velk� �ermn� 6, 517 25",494 388 130,obec.cermna@tiscali.cz,M�stn� knihovna se nach�z� v budov� obecn�ho ��adu. ,"po, st|17:30�20|",
Rychnov nad Kn�nou,Neprofesion�ln� knihovna,�ern�kovice,"�ern�kovice 55, 517 04",494 384 124 (O�),obec.cernikovice@tiscali.cz,Knihovna se nach�z� v budov� O�.,sud� t�den po|15�17|,
Rychnov nad Kn�nou,Neprofesion�ln� knihovna,�esk� Mezi����,"Bo�. N�mcov� 61, 517 71",494 661 020 (O�)/776 728 980,knihovna@ceskemezirici.cz,"Obecn� knihovna se nach�z� v budov� O�. Poskytuje knihovnick�, informa�n� slu�by, po��d� kulturn� akce.","po|7�11,12�17|                   st|14�17|",
Rychnov nad Kn�nou,Neprofesion�ln� knihovna,�estice,"�estice 94, 517 41 Kostelec nad Orlic�",494 323 636 (obecn� ��ad),,"Obecn� knihovna, internet k dispozici ka�d� dopoledne na O�.",p�|16�18|,
Rychnov nad Kn�nou,Neprofesion�ln� knihovna,Chleny,"Chleny 68, 517 41 Kostelec nad Orlic�",,chleny@tiscali.cz,Internet je k dispozici na O�.,st|18�19|,
Rychnov nad Kn�nou,Neprofesion�ln� knihovna,Chl�stov (Dobru�ka),"Chl�stov 8, 518 01 Dobru�ka",494 623 140 (O�),knihovna.chlistov@seznam.cz,Knihovna se nach�z� v budov� O�.,st|17:30�18:30|,
Rychnov nad Kn�nou,Neprofesion�ln� knihovna,De�tn� v Orlick�ch hor�ch,"De�tn� v Orl. hor�ch 61, 517 91",494 663 193 (O�),obecni.urad@destne.cz,Knihovna se nach�z� v budov� O�.,"st|8�12,19�21|",
Rychnov nad Kn�nou,Neprofesion�ln� knihovna,Dob�any (Dobru�ka),"Dob�any 90, 518 01",494 665 523 (O�),obec.dobrany@volny.cz,Knihovna se nach�z� v budov� O�.,1x za 14 dn� po|17:30�19|,
Rychnov nad Kn�nou,Neprofesion�ln� knihovna,Dobr� ,"Dobr� 9, 517 93",494 664 101 (O�),obec.dobre@tiscali.cz,,st|15�17|,
Rychnov nad Kn�nou,Neprofesion�ln� knihovna,Doma��n (�ern�kovice),"Doma��n, 517 04 �ern�kovice",,,Pobo�ka knihovny v �ern�kovic�ch.,,
Rychnov nad Kn�nou,Neprofesion�ln� knihovna,Hl�ska (Liberk),"Hl�ska �p. 61, 517 12 Liberk",494 545 129 (O� Liberk),obec.liberk@seznam.cz,Knihovna se nach�z� v budov� b�val� �koly. ,po|15�17|,
Rychnov nad Kn�nou,Neprofesion�ln� knihovna,Hlinn� (Dobr�),"Hlinn� 76, 517 93",,,Pobo�ka knihovny v Dobr�m.,ne|17�18|,
Rychnov nad Kn�nou,Neprofesion�ln� knihovna,Hro�ka (Dobru�ka),"Hro�ka 109, 518 01 B�l� �jezd,Hro�ka",,,,ne|17:30�18:30|,
Rychnov nad Kn�nou,Neprofesion�ln� knihovna,Janov (Dobru�ka),"Janov 30, 518 01",,KnihovnaJanov@seznam.cz,Knihovna se nach�z� v budov� O�.,st|14:30�16:30|,
Rychnov nad Kn�nou,Neprofesion�ln� knihovna,Javornice,"Javornice 3, 517 11",494 545 135 (O�),knihovna.javornice@seznam.cz,Knihovna je um�st�na v budov� O�.,st|17�18|ne|10�12|,
Rychnov nad Kn�nou,Neprofesion�ln� knihovna,Kamenice (Dobru�ka),"Kamenice 33, 517 93 Dobr�, Kamenice",,,Pobo�ka knihovny v Dobr�m.,so|16�17|,
Rychnov nad Kn�nou,Neprofesion�ln� knihovna,Kosteleck� Horky,"Kosteleck� Horky 38, 517 41 Kostelec nad Orlic�",,ouhorky@email.cz,Obecn� knihovna.,sud� st�eda|17�19|,
Rychnov nad Kn�nou,Neprofesion�ln� knihovna,Kounov,"Kounov 51, 517 92",494 664 196 (O�),kounov@dobruska.net,Knihovna se nach�z� v budov� O�.,po|16�17:30|,
Rychnov nad Kn�nou,Neprofesion�ln� knihovna,Kr�lova Lhota (�esk� Mezi����),"Kr�lova Lhota 30, 517 71",494 661 148 (O�),ou.kralovalhota@seznam.cz,"Obecn� knihovna se nach�z� v budov� obecn�ho ��adu, knihovna p�j�uje i audiokazety.",p�|16:30�18|,
Rychnov nad Kn�nou,Neprofesion�ln� knihovna,Kvasiny,"Kvasiny 81, 517 02",494 596 265 (O�),podatelna@obec-kvasiny.cz,Knihovna je pod spr�vou O� Kvasiny a je um�st�na v budov� O�.,st|15�18|,
Rychnov nad Kn�nou,Neprofesion�ln� knihovna,Lhoty u Pot�tejna,"Lhoty z Pot�tejna 34, 517 41",494 546 121 (O�),oulhoty@centrum.cz,Knihovna je um�st�na v budov� O�.,po|16:30�17:30|,
Rychnov nad Kn�nou,Neprofesion�ln� knihovna,Liberk,"Liberk 70, 517 02",494 545 129 (O�),obec.liberk@seznam.cz,Knihovna se nach�z� v budov� O�.,"pond�l�|16:30�17:30| I|9.,23.|II|6.,20.|III|6.,20.|IV|3.,24.|V|15.,29.|VI|12.,26.|VII|zav�eno|VIII|15.,29.|IX|12.,26.|X|10.,24.|XI|7.,21.|XII|5.,19.|",
Rychnov nad Kn�nou,Neprofesion�ln� knihovna,Li�no,"Li�no 17, 517 35",494 384 204 (O�),obec@licno.cz,,,
Rychnov nad Kn�nou,Neprofesion�ln� knihovna,L�pa nad Orlic�,"L�pa nad Orlic� 21, 517 21 Kostelec nad Orlic�",,lipskaknihovna@seznam.cz,"Obecn� knihovna, nab�z� slu�bu dovozu knih a� do domu.","�t,st|16�19|",
Rychnov nad Kn�nou,Neprofesion�ln� knihovna,Lomy (Skuhrov),,,,,,
Rychnov nad Kn�nou,Neprofesion�ln� knihovna,Lukavice,"Lukavice 190, 516 03 (O�)",494 542 137 (O�),knihovnaluk@orlicko.cz,,�t|18�19|ne|9�11|,
Rychnov nad Kn�nou,Neprofesion�ln� knihovna,Lupenice (Kostelec n. O.),"Lupenice 62, 517 41",494 623 140 (O�),,Knihovna se nach�z� v budov� O�.,st|18:30�19:30|,
Rychnov nad Kn�nou,Neprofesion�ln� knihovna,Mokr� (�esk� Mezi����),"Mokr� 12, 517 71 �esk� Mezi����",494 661 294/776 152 306,knihovna.u.mokrinky@seznam.cz,"Obecn� knihovna, je bezbari�rov�, na po��d�n� roznos dom�.",p�i otev�en� O�|denn� od 14|krom� �tvrtka|18�20|,
Rychnov nad Kn�nou,Neprofesion�ln� knihovna,Nov� Ves,"Nov� Ves 59, 517 21 T�ni�t� n. Orlic�",,knihovna.novaves@seznam.cz,,p�|18�19|,
Rychnov nad Kn�nou,Neprofesion�ln� knihovna,O�elice (�esk� Mezi����),"O�elice 9, 517 71 �esk� Mezi����",494 627 183 (O�),,,,
Rychnov nad Kn�nou,Neprofesion�ln� knihovna,Ohni�ov,"Ohni�ov 172, 517 84",494 665 580 (O�),ohnisov@wo.cz,Knihovna se nach�z� v budov� O�.,�t|15:30�16:30|,
Rychnov nad Kn�nou,Neprofesion�ln� knihovna,Ole�nice u RK,"Ole�nice 134, 517 36 Ole�nice u RK",494 384 423 (O�),obec.olesnice@tiscali.cz,"Obecn� knihovna, internet k dispozici na O�.",po|17�18|,
Rychnov nad Kn�nou,Neprofesion�ln� knihovna,Ole�nice v Orlick�ch hor�ch,517 83 Ole�nice v Orlick�ch hor�ch,494 660 163 (O�),obecniurad@olesnice.net,"Knihovna s pc a p��stupem na internet, v knihovn� si lze prohl�dnout malou ��st expon�t� z muzea, propaga�n� materi�ly obce�","po, p�|15�17|",
Rychnov nad Kn�nou,Neprofesion�ln� knihovna,Orlick� Z�ho��,"Orlick� Z�ho�� 34, 517 64",494 593 176 (O�),obec@orlickezahori.eu,V�p�j�n� slu�by. ,�t|17�18|,
Rychnov nad Kn�nou,Neprofesion�ln� knihovna,Ose�nice,,,,,,
Rychnov nad Kn�nou,Neprofesion�ln� knihovna,P���n,517 57 P���n,494 595 148 (O�),obec@pecin.cz,,,
Rychnov nad Kn�nou,Neprofesion�ln� knihovna,Podb�ez� (Dobru�ka),"Podb�ez� 16, 518 03 ",732 988 290,podbrezi.knihovna@seznam.cz,M�stn� knihovna se nach�z� v 1. pat�e zrekonstruovan� budovy O�. Z�izovatelem je Obec Podb�ez�.,st|17�19|,
Rychnov nad Kn�nou,Neprofesion�ln� knihovna,Polom (Pot�tejn),,,,,,
Rychnov nad Kn�nou,Neprofesion�ln� knihovna,Pot�tejn,"L�ze�sk� 93, 517 43",494 546 812,e-podatelna@potstejn.cz,"Obecn� knihovna, knihovnick� slu�by.","st|9�12,14�17|",
Rychnov nad Kn�nou,Neprofesion�ln� knihovna,P�epychy,"P�epychy 125, 517 32",737 925 155,,Ve�ejn� knihovna je um�st�na v p��zem� hasi�sk� zbrojnice.,st|16�18|,
Rychnov nad Kn�nou,Neprofesion�ln� knihovna,P�estavlky,"P�estavlky 1, 517 41 Kostelec n. Orl. ",,,,p�|15�17|,
Rychnov nad Kn�nou,Neprofesion�ln� knihovna,���ky v Orl. hor�ch,,,,,,
Rychnov nad Kn�nou,Neprofesion�ln� knihovna,Rovn� (Dobru�ka),"Rovn� 10, 517 93 Dobr�",,,Pobo�ka knihovna v Dobr�m.,p�|16�18|,
Rychnov nad Kn�nou,Neprofesion�ln� knihovna,Sedlo�ov (De�tn� v Orl. hor�ch),"Sedlo�ov 155, 517 91",494 660 345,sedlonov@asc.cz,Po dohod� v budov� O�.,po|17�20|,
Rychnov nad Kn�nou,Neprofesion�ln� knihovna,Semechnice (Dobru�ka),"Semechnice 129, 518 01",494 608 241 (O�),semechnice@semechnice.cz,Knihovna se nach�z� v budov� O�.,duben���jen po|17�19|,��jen�duben po|16�18|
Rychnov nad Kn�nou,Neprofesion�ln� knihovna,Skr�ice (�esk� Mezi����),,,,,od 4. dubna |17�18:30|,
Rychnov nad Kn�nou,Neprofesion�ln� knihovna,Skuhrov nad B�lou,"Skuhrov nad B�lou 84, 517 03",494 598 248,info.skuhrov@seznam.cz,"Obecn� knihovna je um�st�na v budov� O�, otev�rac� doba se prol�na s otev. Dobou turistick�ho informa�n�ho centra. ",zimn� sez�na (1.10.�31.5.),letn� sez�na     (1. 6.�30.9.)
Rychnov nad Kn�nou,Neprofesion�ln� knihovna,Slatina nad Zdobnic�,"Slatina n. Zd. 198, 517 56",494 594 266 (O�),obec@slatinanz.cz,Knihovna se nach�z� v budov� O�.,�t|17:30�19:30|,
Rychnov nad Kn�nou,Neprofesion�ln� knihovna,Solnice,,,,M�stsk� knihovna.,�t|15�18|,
Rychnov nad Kn�nou,Neprofesion�ln� knihovna,Sv�dnice,"Sv�dnice 36, 517 41 Kostelec n. Orl.",,,,so|9�10|,
Rychnov nad Kn�nou,Neprofesion�ln� knihovna,T�ebe�ov (RK),"T�ebe�ov 24, 516 01",776 001 136,knihovna@trebesov.cz,Obecn� knihovna se nach�z� v budov� �koly. ,1. a 3. pond�l� v m�s�ci|15:30�16:30|,
Rychnov nad Kn�nou,Neprofesion�ln� knihovna,Tutleky,"Tutleky 10, 517 41 Kostelec n. Orl.",,obec.tutleky@tiscali.cz,,,
Rychnov nad Kn�nou,Neprofesion�ln� knihovna,Val (Dobru�ka),"Val 26, 518 01",,knihovna@val.cz,Knihovna je um�st�na v budov� O�.,po|16:30�18|,
Rychnov nad Kn�nou,Neprofesion�ln� knihovna,Vod�rady,"Vod�rady 21, 517 34",,,,�t|17:30�20|,
Rychnov nad Kn�nou,Neprofesion�ln� knihovna,Vrbice,"Vrbice 14, 517 41 Kostelec n. Orl.",,,Obecn� knihovna se nach�z� v budov� hasi�sk� zbrojnice. D�tsk� koutek.,po|18�19|,
Rychnov nad Kn�nou,Neprofesion�ln� knihovna,Z�hornice,,,,,,
Rychnov nad Kn�nou,Neprofesion�ln� knihovna,Z�m�l,"Z�m�l 158, 517 48 Pot�tejn",,obeczamel@seznam.cz,,"po,st|8�11,13�17|",
Rychnov nad Kn�nou,Neprofesion�ln� knihovna,���r nad Orlic�,"���r n. Orl. 94, 517 23",,zdar@wo.cz,,st|16:15�18:15|,
Rychnov nad Kn�nou,Neprofesion�ln� knihovna,Zdelov,"Zdelov 44, 517 21 t�ni�t� n. Orl.",,ouzdelov@asc.cz,,"�t,p�|19�21|",
Trutnov,Pov��en� knihovna,M�stsk� knihovna s reg. funkcemi Trutnov,"Krakono�ovo n�m. 128, 541 01 Trutnov",499 815 544,info@mktrutnov.cz,"Knihovna s region�ln�mi funkcemi, poskytuje metodickou pomoc knihovn�m v jej�m sp�v�m obvodu. Z�izovatelem knihovny je M�sto Trutnov. I�O knihovny: 00371815. ",po�p�|8�17|               so|8:30�11:30|,po�p�|12�17|            st|8�17|
Trutnov,Profesion�ln� knihovna,�koln� knihovna v B�l� T�eme�n�,"B�l� T�eme�n� 313, 544 72",499 396 321/608 431 321,inf@zsbt.cz,"�koln� knihovna je ve�ejn�. Kni�n� fond je neust�le dopl�ov�n - encyklopedie, beletrie, u�ebnice, slovn�ky.","�t|7:30�7:45,9:30�   9:45|      st,�t|9:30�9:45|",
Trutnov,Profesion�ln� knihovna,M�stsk� knihovna Slavoj Dv�r Kr�lov� n. L.,"Tylova 512, 544 01 Dv�r Kr�lov� n. L. ",499 320 157/721 390 348,knihovna@slavoj.cz,M�stsk� knihovna je z�kladn� knihovnou s univerz�ln�m fondem. Knihovna disponuje i hudebn�m odd�len�m a liter�rn� kav�rnou s ��t�rnou. Z�izovatelem je M�sto Dv�r Kr�lov� nad Labem. I�O knihovny: 71176861. ,"po|9�17|�t|12�17|  st|12�19|      �t,so|9�11|          p�|9�19|","po,�t,st,p�|7�8,   12�17|        �t|7�8,9�11|               so|9�11|"
Trutnov,Profesion�ln� knihovna,Knihovna M�stsk�ho muzea Dv�r Kr�lov� n. L.,"Sladkovsk�ho 530, 544 01 Dv�r Kr�lov� n. L.",499 622 474,info@muzeumdk.cz,Knihovna je od p�est�hov�n� po rekonstrukci v omezen� m��e slou�� ve�ejnosti a za provozu jsou neust�le ukl�d�ny zbyl� knihy. ,,
Trutnov,Profesion�ln� knihovna,Knihovna Franti�k�nsk� kl�ter Hostinn�,"N�dra�n� 119, 543 71 Hostinn�",499 329 248,knihovna@kthostinne.cz,"Ve�ejn� knihovna s knihovnick�mi, informa�n�mi slu�bami. Spolu s knihovnou s�dl� v kl�te�e M�stsk� muzeum a Galerie antick�ho um�n�. ","z��� � �erven �t,p�|9�12, 13�17|st,�t|13�17|","�ervenec � srpen �t,p�|9�12,13�17|st,�t|9�12|"
Trutnov,Profesion�ln� knihovna,M�stsk� knihovna Rtyn� v Podkrkono��,"N�m�st� Horn�k� 440, 542 33 Rtyn� v Podkrkono��",499 888 562,info@mkrtyne.cz,"M�stsk� knihovna je univerz�ln� ve�ejnou knihovnou, jej�m� z�izovatelem je M�sto Rtyn� v Podkrkono��. Provoz knihovny je pln� automatizov�n, po��d� r�zn� kulturn� a vzd�l�vac� akce. ","po,st|12�16|        �t|9�12,13�18|             �t|9�12,13�17|",
Trutnov,Profesion�ln� knihovna,M�stsk� knihovna �pindler�v ml�n,"Svatopetrsk� 278, 543 51 �pindler�v Ml�n",499 523 687,knihovna@mestospindler�vmlyn.cz,"Knihovna byla zalo�ena roku 1923, v sou�asn�ch prostor�ch v Dom� slu�eb s�dl� od roku 1992. ","st,�t,p�|9�17|",
Trutnov,Profesion�ln� knihovna,M�stsk� knihovna Svoboda nad �pou,"n�m. Svornosti 474, 542 24 Svoboda n. �.",499 871 268,knihovna@musvoboda.cz,"Knihovna slou�� kulturn�m, informa�n�m a vzd�l�vac�m po�eb�m. Univerz�ln� kni�n� fond. ","po,st|13�17|        �t|13�15:30|                     p�|8�12|",
Trutnov,Profesion�ln� knihovna,Knihovna Muzea v Podkrkono�� Trutnov,"�koln� ul. 150, 541 01 Trutnov",499 811 897,muzeum@muzeumtrutnov.cz,"Muzejn� knihovna pat�� do s�t� knihoven se specializovan�m knihovn�m fondem a je p��stupn� pouze k prezen�n�mu studiu po p�edchoz� domluv�. Velk� ��st fondu se v�nuje prusko-rakousk� v�lce v 1866, historii, historii um�n�, PVH, geografii Krkono� apod. ","�t,st,�t|8�11, 13�15|          p�|8�11|",
Trutnov,Profesion�ln� knihovna,�koln� knihovna p�i Z�,"Komensk�ho 399, 541 01 Trutnov",499 829 686,,�koln� knihovna se nach�z� v 1. pat�e �koly.,"po�p�                                          |7:30�7:50, 9:40�9:55, 13:30�15|",
Trutnov,Profesion�ln� knihovna,"Knihovna M�stsk� muzeum a galerie J. W. Mezerov�, �pice","N�m�st� TGM 30, 542 32 �pice",499 882 143,mmgu@mmgu.cz,Knihovna p�i muzeu a galerii se specializovan�m kni�n�m fondem zam��en�m na region a d�jiny.,"otev�rac� doba muzea|�t�so|10�12,13�17|            ne|13�16|",
Trutnov,Profesion�ln� knihovna,M�stsk� knihovna �pice,"Brat�� �apk� 1075, 542 32 �pice",499 781 500/739 316 106,knih.upice@seznam.cz,"Ve�ejn� knihovna s knihovnick�mi, informa�n�mi slu�bami. ","po,p�|8�12,13�17| st|8�12,13�16| so|8:30�11|","po|12�17|                  st, p�|12�16|"
Trutnov,Profesion�ln� knihovna,M�stsk� knihovna Vrchlab�,"Krkono�sk� 630, 543 11 Vrchlab�",499 423 951,info@mkvrchlabi.cz,"Ve�ejn� knihovna s knihovnick�mi, informa�n�mi a reproduk�n�mi slu�bami. Od roku 1991 vidoep�j�ovna, poskytuje p�ipojen� k internetu.","po,st,p�|8�12,13�17|�t|8�12",
Trutnov,Profesion�ln� knihovna,"Spr�va Krkono�sk�ho n�rodn�ho parku, Krkono�sk� muzeum","Husova 213, 543 11 Vrchlab�",499 456 706,,"Knihovna obsahuje v�ce jak 38 tis�c svazk� knih, �asopis� a jin�ch dokument�. Je rozd�lena na fond region�ln� sb�rkov� (literatura v�ech obor�, v�etn� beletrie, t�kaj�c� se regionu Krkono� a Podkrkono��, a fond studijn�, kter� je obsahov� zam��en na p��rodn� a spole�ensk� v�dy a ochranu p��rody.","po,�t|8�11:30, 12:30�15|             st|8�11:30, 12:30�16|",
Trutnov,Profesion�ln� knihovna,M�stsk� knihovna �acl��,"Na Pil��i 204, 542 01 �acl��",774 411 978,mkzacler@volny.cz,,"po,st|13�17|�t|8�11|",
Trutnov,Neprofesion�ln� knihovna,Bat�ovice,"Bat�ovice 4, 542 37 ",499 781 521,knihovna@batnovice.cz,"Knihovna s�dl� v prostor�ch star� �koly, 1. patro obecn�ho ��adu a poskytuje p��stup k internetu.","�t,�t|13�15|               �t|15�18|",
Trutnov,Neprofesion�ln� knihovna,Bernartice u Trutnova,"Bernatice 77, 542 04 ",,knihovna.bernatice@seznam.cz,"Knihovna nab�z� v�p�j�n� slu�by, meziknihovn� v�p�j�ky, poskytuje p�ipojen� k internetu.",st|15�17|,
Trutnov,Neprofesion�ln� knihovna,B�l� T�eme�n�,"B�l� T�eme�n� 315, 544 72",,knihovna.bilatremesna@seznam.cz,"Obecn� knihovna, poskytuje i ve�ejn� p��stupn� internet.",,
Trutnov,Neprofesion�ln� knihovna,B�l� Poli�any,"B�l� Poli�any 10, 544 52",,,"Obecn� knihovna, poskytuje i ve�ejn� p��stupn� internet.",st|17�19|,
Trutnov,Neprofesion�ln� knihovna,Borovnice u Star� Paky,"Borovnice 39, 544 77",,knihovna.borovnice@seznam.cz,"Obecn� knihovna, poskytuje i ve�ejn� p��stupn� internet.","po,st|9�16|          �t,�t,p�|9�13|",
Trutnov,Neprofesion�ln� knihovna,�ern� D�l,543 44 �ern� D�l,,,,,
Trutnov,Neprofesion�ln� knihovna,Choustn�kovo Hradi�t�,"Choustn�kovo Hradi�t� 102, 544 42",603 378 353,,Obecn� knihovna.,"po|15:30�19:30| �t,st|17:30�19:30|",
Trutnov,Neprofesion�ln� knihovna,Chvale�,"Chvale� 231, 542 11",,knihovnachvalec@seznam.cz,"Obecn� knihovna se nach�z� v budov� obecn�ho ��adu, ve�ejn� p��stupn� internet. ",�t|17�18|,
Trutnov,Neprofesion�ln� knihovna,Doln� Brusnice,"Doln� Brusnice 17, 544 72",,knihovna.dolnibrusnice@seznam.cz,"Obecn� knihovna, poskytuje i ve�ejn� p��stupn� internet.","st,p�|15�17|",
Trutnov,Neprofesion�ln� knihovna,Doln� Kaln�,"Doln� Kaln� 178, 543 74",,knihovna.dolnikalna@seznam.cz,"Obecn� knihovna, poskytuje i ve�ejn� p��stupn� internet.",�t|17�18|,
Trutnov,Neprofesion�ln� knihovna,Doln� L�nov,"Doln� L�nov 132, 543 41",,knihovnadolnilanov@seznam.cz,"Obecn� knihovna, poskytuje i ve�ejn� p��stupn� internet.",st|14�17|,
Trutnov,Neprofesion�ln� knihovna,Doubravice,"Doubravice 155, 544 51",604 421 808,,"Obecn� knihovna, poskytuje i ve�ejn� p��stupn� internet.",po|18�19:30|,
Trutnov,Neprofesion�ln� knihovna,Dubenec,,,,,,
Trutnov,Neprofesion�ln� knihovna,Hajnice,"Hajnice 109, 544 66",499 393 141,ou.hajnice@cmail.cz,Knihovna z��zen� obc� se nach�z� v budov� zdravotn�ho st�ediska (�. p. 35). ,�t|16�18|,
Trutnov,Neprofesion�ln� knihovna,Havlovice nad �pou,"Havlovice 146, 542 32",,knihovnahavlovice@seznam.cz,"Obecn� knihovna, poskytuje i ve�ejn� p��stupn� internet.",st|16�18|,
Trutnov,Neprofesion�ln� knihovna,Horn� Brusnice,"Horn� Brusnice 284, 544 74",,knihovna.hornibrusnice@seznam.cz,"Obecn� knihovna se nach�z� v budov� obecn�ho ��adu, ve�ejn� p��stupn� internet. ",st|16�17|,
Trutnov,Neprofesion�ln� knihovna,Horn� Mar�ov,"Bertholdova n�m. 102, 542 26",499 874 156,knihovna.hornimarsov@seznam.cz,"Obecn� knihovna se nach�z� v budov� obecn�ho ��adu, ve�ejn� p��stupn� internet. ",po|15�17|                     st|15�17|,
Trutnov,Neprofesion�ln� knihovna,H�ibojedy,"H�ibojedy 60, 544 01",,knihovnahribojedy@centrum.cz,"Obecn� knihovna se nach�z� v budov� obecn�ho ��adu, ve�ejn� p��stupn� internet. ",po|15�17:30|             st|15�18|                   p�|17:30�19:30|,
Trutnov,Neprofesion�ln� knihovna,J�nsk� L�zn�,"�ernohorsk� 15, 542 25 J�nsk� L�zn�",,knihovnajl@seznam.cz,Z�izuje M�sto J�nsk� L�zn�. ,po|15:30�18:30|               �t|14�17|,
Trutnov,Neprofesion�ln� knihovna,J�vka,"J�vka 65, 542 13",774 497 304,knihovna.jivka@seznam.cz,Knihovna se nach�z� v budov� mate�sk� �koly. ,�t|15�16|,
Trutnov,Neprofesion�ln� knihovna,Kocbe�e,"Nov� Kocbe�e 53, 544 64",605 104 193,,Knihovna se nach�z� v 2. pat�e budovy obecn�ho ��adu. Ve�ejn� internet.,st|15�17:30|,
Trutnov,Neprofesion�ln� knihovna,Kohoutov,"Kohoutov 65, 544 01",606 305 236,knihovna@kohoutov.cz,"Dv� m�stnosti v budov� obecn�ho ��adu, ve�ejn� dostupn� internet.",�t|15�17|                       �t|15�17|,
Trutnov,Neprofesion�ln� knihovna,Kuks,"Kuks 12, 544 43 ",,knihovnakuks@seznam.cz,"Obecn� knihovna, ve�ejn� internet.",st|8�17|,
Trutnov,Neprofesion�ln� knihovna,Lampertice,"Lampertice 210, 541 01",,knihovna.Lampertice@seznam.cz,"Obecn� knihovna, ve�ejn� internet.",�t|14:30�16:30|,
Trutnov,Neprofesion�ln� knihovna,L�nov,"Prost�edn� L�nov 39, 543 41 L�nov",499 432 083,infocentrum@lanov.cz,"Obecn� knihovna, ve�ejn� internet se nach�z� v budov� informa�n�ho centra.","po�p�|7:30�11:30, 12�16|",
Trutnov,Neprofesion�ln� knihovna,Lan�ov,"Lan�ov 2, 544 01",604 204 083,knihovna.lanzov@seznam.cz,"Obecn� knihovna se nach�z� v budov� obecn�ho ��adu, ve�ejn� p��stupn� internet. ",po�p�|17�19|,
Trutnov,Neprofesion�ln� knihovna,Mal� Svato�ovice,"N�m. Karla �apka 1, 542 34 Mal� Svato�ovice",,knihovna.malesvatonovice@seznam.cz,"M�stn� knihovna, ve�ejn� dostupn� internet.","po, st|14�17|",
Trutnov,Neprofesion�ln� knihovna,Mar�ov u �pice,542 32 Mar�ov u �pice 34,499 781 587, obec.marsov@tiscali.cz,,,
Trutnov,Neprofesion�ln� knihovna,Mlad� Buky,,493 034 237,knihovna.mladebuky@seznam.cz,"Obecn� knihovna, ve�ejn� dostupn� internet.","�t, �t|14�17|              st|13�16|               p�|8�11|",
Trutnov,Neprofesion�ln� knihovna,Nemojov,"Nov� Nemojov 124, ",,,K dispozici je po��ta� s internetem zdarma. ,�t|17�18|,
Trutnov,Neprofesion�ln� knihovna,Pec pod Sn�kou,"Pec pod Sn�kou 230, 542 21",,knihovna@pecpodsnezkou.cz,"M�stsk� knihovna v Peci pod Sn�kou, ve�ejn� p��stupn� internet.",po|14�16|,
Trutnov,Neprofesion�ln� knihovna,Piln�kov,"N�m�st� 36, 542 42",,knihovna@pilnikov.cz,"M�stsk� knihovna, poskytuje ve�ejn� dostupn� internet.",po|13�17|,
Trutnov,Neprofesion�ln� knihovna,Prose�n�,"Prose�n� 24,  543 73",,,,�t|14:30�17|,
Trutnov,Neprofesion�ln� knihovna,Radvanice,542 12 Radvanice 143,,knihovnaradvanice@volny.cz,Obecn� knihovna s ve�ejn� dostupn�m internetem.,st|15:30�18:30|,
Trutnov,Neprofesion�ln� knihovna,Rudn�k,"Rudn�k 51, 543 72",702 292 414,knihovna@rudnik.cz,"Obecn� knihovna, ve�ejn� dostupn� internet.","po|9�11:30| �t|13�18:30| st,p�|13�15| �t|13�18| so|9�12|",
Trutnov,Neprofesion�ln� knihovna,Star� Buky,,,,,,
Trutnov,Neprofesion�ln� knihovna,Starobuck� Derbn�,"Starobuck� Derbn� 173, 544 01 Nemojov",604 343 960,,,�t|15:30�16:30|,
Trutnov,Neprofesion�ln� knihovna,Suchovr�ice,,499 781 569,knihovnasuchovrsice@seznam.cz,Obecn� knihovna.,�t|14�14:30|                  p�|15�16:30|,
Trutnov,Neprofesion�ln� knihovna,Velk� Svato�ovice,"Velk� Svato�ovice, 542 35",,knihovnaVS@seznam.cz,Obecn� Knihovna,��jen�b�ezen|16:30�18:30|                 duben�z���|17:30�19:30|,
Trutnov,Neprofesion�ln� knihovna,Velk� V�e��ov,"Velk� V�e��ov 34, 544 54",,knihovna@velkyvrestov.cz,"Obecn� knihovna, ve�ejn� dostupn� internet.",lich� t�den v �t|17�19|,
Trutnov,Neprofesion�ln� knihovna,Vilantice,"Vilantice 36, 544 01",,knihovna.vilantice@seznam.cz,"Obecn� knihovna, ve�ejn� dostupn� internet.",po|17�18|,
Trutnov,Neprofesion�ln� knihovna,V�t�zn�-Hunt��ov,"V�t�zn� Hunt��ov 91, 544 01",,okhuntirov@vitezna.cz,"Obecn� knihovna, pobo�ka. ",�t|16:30�18|,
Trutnov,Neprofesion�ln� knihovna,V�t�zn�-Kocl��ov,"V�t�zn� Kocl��ov 123, 544 01",,okkoclerov@vitezna.cz,"Obecn� knihovna, pobo�ka. ",�t|14�16|,
