WKT,id,nazev,X,Y,rozloha,obec_id,lokalita_t,vyuziti_mi,vyuziti_zp,souc_vyuzi,vlast_vzta,eko_zateze,limity_och,pamatkova_,naz_ob,naz_orp,orp_id,lokalita_1,vyuziti__1,vyuziti__2
"POINT (15.8098381532561 50.2193641471612)",12.000000,"Areál Kukleny, Hradec Králové",15.809838,50.219364,5364.00,569810.000000,B,N,V,Bez využití.,"Empla, spol.s r.o.",Bez zátěží.,"Případnou demolici je nutné označit jako velmi nežádoucí, především z architektonických důvodů. Objekt s vysokou architektonickou hodnotou je dominantou této části mějsta a jeho revitalizce ůže přinést žádoucí oživení této loka",Řešená lokalita není kulturní památkou a nenachází se v chráněném památkovém území.,Hradec Králové,Hradec Králové,5205.000000,Brownfield,Nevyužíváno,Výroba
"POINT (16.1941473154451 50.4941117897712)",13.000000,"Areál slévárny, Žabokrky-Hronov",16.194147,50.494112,13053.00,574082.000000,B,N,V,,Soukromé vlastnictví.,,,,Hronov,Náchod,5209.000000,Brownfield,Nevyužíváno,Výroba
"POINT (16.2595147361912 50.1052828404422)",14.000000,"Plocha pro bydlení v areálu Perla, Doudleby nad Orlicí",16.259515,50.105283,15000.00,576301.000000,R,N,B,"Stávající objekty bývalého areálu podniku ""Perla"".",Soukromé.,,,Bez památkové ochrany.,Doudleby nad Orlicí,Kostelec nad Orlicí,5208.000000,Rozvojová,Nevyužíváno,Bydlení
"POINT (16.3579057570554 50.6136094766971)",15.000000,Broumov - golfové hřiště,16.357906,50.613609,827000.00,573922.000000,R,N,O,"V současné době se lokalita nijak nevyvíjí, slouží k zemědělským účelům.",,Bez ekologických zátěží.,"Ochranné pásmo (OP) stávajícího elektrovedení (případně nově zbudovaných rozvodů), vyjmutí ploch ze zemědělského půdního fondu.",Bez památkové ochrany.,Broumov,Broumov,5201.000000,Rozvojová,Nevyužíváno,Občanská vybavenost
"POINT (15.4448768605991 50.1617509330197)",16.000000,Chlumec nad Cidlinou - Pastviště (Pod zámkem),15.444877,50.161751,435000.00,570109.000000,R,C,B,"Plocha v současné době slouží k zemědělským účelům, jižní část lokality je již částečně zastavěna zahrádkářskou kolonií.",,Bez zátěží.,"Ochranné pásmo (OP) silnice II. třídy, OP vodovodních, kanalizačních řadů, OP elektrického vedení a plynovodů, OP památkově chráněného území, bude potřeba vyjmutí některých parcel ze zemědělského půdního fondu.",Bez památkové ochrany.,Chlumec nad Cidlinou,Hradec Králové,5205.000000,Rozvojová,Částečně využíváno,Bydlení
"POINT (16.1577544359629 50.2973865408636)",17.000000,Dobruška - Belveder,16.157754,50.297387,204000.00,576271.000000,R,N,B,"Lokalita je v současné době využívána k zemědělským účelům, není připravována k výstavbě.",,Bez zátěží.,"Ochranné pásmo (OP) blízkého lesa, OP elektrického vedení a OP nově navržených inženýrských sítí, potřeba vyjmutí částí území ze zemědělského půdního fondu.",Bez ochrany.,Dobruška,Dobruška,5202.000000,Rozvojová,Nevyužíváno,Bydlení
"POINT (16.1676810404511 50.2987631951593)",18.000000,Dobruška - severovýchod,16.167681,50.298763,125000.00,576271.000000,R,N,O,"Výstavba na zelené louce, zatím nebylo započato s přípravou na výstavbu, plocha evidována jako orná půda.",,Bez zátěží.,"Ochranné pásmo (OP) vodovodu, kanalizace, plynovodu, elektrovedení, teplovodu a OP silniční komunikace I/14, vyjmutí parcel ze zemědělského půdního fondu.",Bez ochrany.,Dobruška,Dobruška,5202.000000,Rozvojová,Nevyužíváno,Občanská vybavenost
"POINT (16.172760608931 50.3042014979648)",19.000000,Dobruška - Křovice,16.172761,50.304201,143000.00,576271.000000,R,N,B,"Plocha se v současné době nevyvíjí, není připravována k výstavbě, slouží převážně k zemědělským účelům.",,Bez zátěží.,"Ochranné pásmo (OP) blízkého lesa a vodního toku, OP elektrického vedení, lokální biocentrum Padolina územního systému ekologické stability, potřeba vyjmutí částí území ze zemědělského půdního fondu.",Bez limitů.,Dobruška,Dobruška,5202.000000,Rozvojová,Nevyužíváno,Bydlení
"POINT (15.6458341190284 50.1492861378298)",20.000000,"Dobřenice - sever 1 až 5, Za Vodojemem, U hřbitova, Východní část",15.645834,50.149286,328000.00,569968.000000,R,N,B,"Prostor lokality není zatím připravován k výstavbě, slouží k zemědělským účelům.",,Bez zátěží.,"Ochranné pásmo (OP) elektrického vedení 35kV, 110kV, ocrhanné pásmo plynovodu, vodovodu, nadregionálního biokoridoru, vyjmutí ploch ze zemědělského půdního fondu.",Bez limitů.,Dobřenice,Hradec Králové,5205.000000,Rozvojová,Nevyužíváno,Bydlení
"POINT (15.6371153131762 50.1454376628432)",21.000000,Dobřenice - Západní svahy,15.637115,50.145438,100000.00,569968.000000,R,N,B,"Prostor lokality není zatím připravován k výstavbě, slouží k zemědělským účelům.",,Bez zátěží.,"Ochranné pásmo (OP) elektrického vedení 35kV, 110kV, ocrhanné pásmo plynovodu, vodovodu, nadregionálního biokoridoru, vyjmutí ploch ze zemědělského půdního fondu.",Bez limitů.,Dobřenice,Hradec Králové,5205.000000,Rozvojová,Nevyužíváno,Bydlení
"POINT (15.6318664410238 50.1542858395778)",22.000000,Dobřenice - golfové hřiště (Pod parkem),15.631866,50.154286,896000.00,569968.000000,R,N,O,"Prostor lokality není zatím připravován k výstavbě, slouží k zemědělským účelům.",,Bez zátěží.,"Ochranné pásmo (OP) regionálního biokoridoru, OP nadregionálního biokoridoru, OP elektrického vedení 110kV, vyjmutí ploch ze zemědělského půdního fondu.",Bez limitů.,Dobřenice,Hradec Králové,5205.000000,Rozvojová,Nevyužíváno,Občanská vybavenost
"POINT (15.6363107938692 50.3592155320926)",23.000000,Hořice - U Chvaliny,15.636311,50.359216,157000.00,572926.000000,R,N,B,"Lokalita je v současné době využívána k zemědělským účelům, není připravována k výstavbě.",,Bez zátěží.,"Ochranné pásmo (OP) vodovodu, kanalizace, plynovodu, elektřiny respektive teplovodu. Potřeba vyjmutí ploch ze zemědělského půdního fondu.",Bez limitů.,Hořice,Hořice,5204.000000,Rozvojová,Nevyužíváno,Bydlení
"POINT (15.7945404132681 50.2120579119149)",24.000000,Hradec Králové - Svobodné Dvory - Pálenecká,15.794540,50.212058,467000.00,569810.000000,R,N,B,"Plocha je dle ÚP schválena ve funkční ploše čistě obytné plochy nízkopdlažní a smíšené vícepodlažní zástavby, v současné době neprobíhají žádné přípravy k výstavbě.",,Bez zátěží.,"Ochranné pásmo (OP) vodovodních, kanalizačních řadů, OP elektrického vedení a plynovodů, k realizaci bude nutné vyjmutí některých parcel ze zemědělského půdního fondu.",Bez ochrany.,Hradec Králové,Hradec Králové,5205.000000,Rozvojová,Nevyužíváno,Bydlení
"POINT (15.8003371584056 50.2231127456246)",25.000000,Hradec Králové - Svobodné Dvory - Na Metelce,15.800337,50.223113,107000.00,569810.000000,R,N,B,"Plochy schváleny dle ÚP jako plochy čistě obytné vícepodlažní a nízkopodlažní zástavby, zatím nebylo započato s přípravou na výstavbu, jedná se o ,,zelenou louku"" mezi stávající zástavbou.",,Bez zátěží.,"Nově navržená lokalita bude vyžadovat zohlednění stávajících a nových limitů využití území - ochranné pásmo (OP) silnice I/35, ul. Koutníkova, OP vodovodních, kanalizačních řadů, OP elektrického vedení a plynovodů, k realizaci b",Bez ochrany.,Hradec Králové,Hradec Králové,5205.000000,Rozvojová,Nevyužíváno,Bydlení
"POINT (15.7849311161059 50.200276383568)",26.000000,Hradec Králové - Kukleny - Pod náměstím,15.784931,50.200276,106000.00,569810.000000,R,N,B,"Plochy schváleny dle ÚP jako plochy čistě obytné nízkopodlažní zástavby, zatím nebylo započato s přípravou na výstavbu, jedná se o ,,zelenou louku"" mezi stávající zástavbou a areálem obchodního centra.",,Bez zátěží.,"Nově navržená lokalita bude vyžadovat zohlednění stávajících a nových limitů využití území - ochranné pásmo (OP) vodovodních, kanalizačních řadů, OP elektrického vedení a plynovodů, k realizaci bude nutné vyjmutí některých pa",Bez ochrany.,Hradec Králové,Hradec Králové,5205.000000,Rozvojová,Nevyužíváno,Bydlení
"POINT (15.8008336203493 50.2003323282137)",27.000000,"Hradec Králové - Temešvár, sever",15.800834,50.200332,307000.00,569810.000000,R,C,B,"Plocha se v současné době nijak nevyvíjí, slouží převážně k zemědělským účelům, nacházejí se zde chatky a některé drobné stavby. Jedná se převážně o výstavbu na ,,zelené louce"".",,Bez zátěží.,"Nově navržená lokalita bude vyžadovat zohlednění stávajících a nových limitů využití území - ochranné pásmo (OP) vodovodních, kanalizačních řadů, OP elektrického vedení a plynovodů, k realizaci bude nutné vyjmutí některých pa",Bez ochrany.,Hradec Králové,Hradec Králové,5205.000000,Rozvojová,Částečně využíváno,Bydlení
"POINT (15.7805774582371 50.1960677894097)",28.000000,Hradec Králové - Kukleny - západ,15.780577,50.196068,152000.00,569810.000000,R,N,O,"Plocha se zatím nepřipravuje pro využití, jedná se o výstavbu na ,,zelené louce"", dle ÚP je pro tuto plochu schváleno funkční využití ""plochy výroby a služeb bez negativního vlivu na okolí"". Pro tuto plochu je přípustné funkční vyu",,Bez zátěží.,"Ochranné pásmo (OP) vodovodních, kanalizačních řadů, elektrického vedení a plynovodů. K realizaci bude nutné vyjmutí některých parcel ze zemědělského půdního fondu.",Bez ochrany.,Hradec Králové,Hradec Králové,5205.000000,Rozvojová,Nevyužíváno,Občanská vybavenost
"POINT (15.8022323635777 50.1845566861018)",29.000000,"Hradec Králové - Pražské předměstí, Březhrad",15.802232,50.184557,110000.00,569810.000000,R,N,O,Jedná se volnou plochu zatím nepřipravovanou k výstavbě evidovanou jako trvalý travní porost.,,Bez zátěží.,"Ochranné pásmo (OP) vodovodních, kanalizačních řadů, OP elektrického vedení a plynovodů, k realizaci bude nutné vyjmutí některých parcel ze zemědělského půdního fondu.",Bez ochrany.,Hradec Králové,Hradec Králové,5205.000000,Rozvojová,Nevyužíváno,Občanská vybavenost
"POINT (15.9814480161651 50.2332023811295)",30.000000,Jeníkovice - Průhon - sportovní areál s golfovým hřištěm,15.981448,50.233202,238000.00,570133.000000,R,N,O,"Nejzápadnější část lokality je již využívána jako golfové hřiště, zbylá část je v současné době užívána pro zemědělské účely.",,Bez zátěží.,"Jihovýchodně od lokality se vyskytuje sesuvné území, je nutné uvažovat s ochranným pásmem (OP) lesa, OP vodního toku, případně OP nově zbudovaných rozvodů, vyjmutí ze zemědělského půdního fondu.",Bez ochrany.,Jeníkovice,Hradec Králové,5205.000000,Rozvojová,Nevyužíváno,Občanská vybavenost
"POINT (16.1571537450738 50.3616647784671)",31.000000,Nové Město nad Metují - Dubinky,16.157154,50.361665,207000.00,574279.000000,R,N,B,"Plocha se nijak nevyvíjí, neprobíhají žádné přípravy na výstavbu, lokalita slouží převážně k zemědělským účelům.",,Bez zátěží.,"Ochranné pásmo vodovodu, vodojemu, lesa, el. Vedení. Plocha částečně spadá do území s archeologickými nálezy a migračně významného území, na východní hranici lokality probíhá hranice nadregionálního biocentra územního systému e",Bez ochrany.,Nové Město nad Metují,Nové Město nad Metují,5211.000000,Rozvojová,Nevyužíváno,Bydlení
"POINT (16.4499505511081 50.2872190461354)",32.000000,Orlické Záhoří - Jadrná,16.449951,50.287219,251000.00,576603.000000,R,N,O,Plánované vybudování sjezdovky zatím nebylo započato. Převážnou většinu plochy tvoří lesní porost.,,Bez zátěží.,"Celá plocha se nachází v chráněné krajinné oblasti Orlické hory a NATURA 2000, bude potřeba zohlednit ochranné pásmo (OP) lesa, OP silniční komunikace II/311, rovněž bude potřeba zohlednit OP případně zbudovaných inženýrských sít",Bez ochrany.,Orlické Záhoří,Rychnov nad Kněžnou,5213.000000,Rozvojová,Nevyužíváno,Občanská vybavenost
"POINT (16.0547738488879 50.564563460116)",33.000000,Radvanice - západ,16.054774,50.564563,219000.00,579629.000000,R,N,O,"V současné době nedochází k žádnému vývoji v lokalitě, jedná se o nezastavěnou plochou, která je užívána jako zemědělská půda.",,Bez zátěží.,"Ochranné pásmo (OP) lesa, OP hřbitova, OP elektrického vedení a případně OP nově navržené technické infrastruktury (zejména vodovodu a kanalizace), potřeba vyjmutí některých ploch ze zemědělského půdního fondu.",Bez ochrany.,Radvanice,Trutnov,5214.000000,Rozvojová,Nevyužíváno,Občanská vybavenost
"POINT (16.0659054062649 50.5617797716298)",34.000000,Radvanice - bývalý areál dolu Kateřina I.,16.065905,50.561780,326000.00,579378.000000,R,N,O,"V současné době probíhá příprava na budoucí možné využití lokality, která spočívá v sanaci odvalu bývalého dolu, v lokalitě umístěny objekty, které tvořily technické zázemí bývalého dolu, u některých předpoklad nového vyu",,,"V lokalitě v současné době probíhá likvidace haldy bývalého dolu Kateřina I a dokončování sanace tzv. odvalu dolu, téměř 2,3 mil. M3 (v lokalitě dříve otevřeno několik těžních i průzkumných úpadních jam, poddolované území),",Bez ochrany.,Jívka,Trutnov,5214.000000,Rozvojová,Nevyužíváno,Občanská vybavenost
"POINT (15.9137931246907 50.5794729124533)",35.000000,Trutnov - Nové Dvory,15.913793,50.579473,455000.00,579025.000000,R,C,B,"V současné době probíhá příprava výstavby, bylo provedeno rozparcelování plochy.",,Bez zátěží.,"Ochranné pásmo (OP) vodovodu, kanalizace, plynovodu, teplovodu a elektrického vedení, dále zohlednit OP lesa a je nutno vyjmout některé pozemky ze zemědělského půdního fondu.",Bez ochrany.,Trutnov,Trutnov,5214.000000,Rozvojová,Částečně využíváno,Bydlení
"POINT (15.9042953370491 50.5711591700349)",36.000000,Trutnov - Dolní Staré město,15.904295,50.571159,177000.00,579025.000000,R,N,B,"V současné době probíhá příprava výstavby, bylo provedeno rozparcelování plochy.",,Bez zátěží.,"Vyjmutí některých parcel ze zemědělského půdního fondu, nutno vzít v potaz ochranné pásmo lesa, plynovodu, el. vedení, kanalizace, vodovodu.",Bez ochrany.,Trutnov,Trutnov,5214.000000,Rozvojová,Nevyužíváno,Bydlení
"POINT (15.595214116809 50.6189296327238)",37.000000,Vrchlabí - městský stadion Vejsplachy,15.595214,50.618930,121000.00,579858.000000,R,N,O,"Výstavba na ,,zelené louce"", zatím nebylo započato s přípravou na výstavbu, plocha evidována jako orná půda.",,Bez zátěží.,Některé plochy je nutno vyjmout ze zemědělského půdního fondu.,Bez ochrany.,Vrchlabí,Vrchlabí,5215.000000,Rozvojová,Nevyužíváno,Občanská vybavenost
"POINT (15.6006059726656 50.6163400886906)",38.000000,Vrchlabí - sportovně rekreační zóna Vejsplachy,15.600606,50.616340,119000.00,579858.000000,R,N,O,Plocha se zatím nepřipravuje pro využití.,,Bez zátěží.,Některé plochy bude potřebné vyjmout ze zemědělského půdního fondu.,Bez ochrany.,Vrchlabí,Vrchlabí,5215.000000,Rozvojová,Nevyužíváno,Občanská vybavenost
"POINT (15.6151413782232 50.6086426972785)",39.000000,Vrchlabí - Berlín - Liščí kopec a okolí,15.615141,50.608643,401000.00,579858.000000,R,N,B,Lokalita se v současné době nijak nevyvíjí ani nepřipravuje na výstavbu. Plocha je z většiny využívána k zemědělským účelům - výstavba na zelené louce.,,Bez zátěží.,"Ochranné pásmo (OP) silnice I. - III. třídy, OP vodovodních, kanalizačních řadů, OP elektrického vedení a plynovodů, celé území obce je územím s archeologickými nálezy. K realizaci bude nutné vyjmutí některých parcel ze zemědělsk",Bez ochrany.,Vrchlabí,Vrchlabí,5215.000000,Rozvojová,Nevyužíváno,Bydlení
"POINT (15.6263750574509 50.6237820193068)",40.000000,Vrchlabí - podél ul. Lánovské a mezi ul. Mánesovou a Kalvárií,15.626375,50.623782,159000.00,579858.000000,R,N,B,"Plocha zatím není připravována k výstavbě, je z větší části využívána jako zemědělská půda.",,Bez zátěží.,"V těsné blízkosti lokality ochranné pásmo (OP) Krkonošského národního parku, potřeba vyjmutí některých ploch ze zemědělského půdního fondu, nutné je zohlednění stávajících a nových limitů - OP kanalizačních a vodovodních řad",Bez ochrany.,Vrchlabí,Vrchlabí,5215.000000,Rozvojová,Nevyužíváno,Bydlení
"POINT (15.6295065143826 50.621542182324)",41.000000,Vrchlabí - Lanovská,15.629507,50.621542,82000.00,579432.000000,R,N,O,"V současné době neprobíhá příprava na výstavbu, plochy evidovány jako trvalý travní porost.",,Bez zátěží.,"Ochranné pásmo (OP) ČOV, havarijní zóna - ohrožení únikem nebezpečných látek čerpací stanice, OP letiště, OP komunikace I/14, OP elektrického vedení VVN, OP vodního zdroje 2. stupně, bude potřeba zohlednit OP nově navržených inžen",Bez ochrany.,Lánov,Vrchlabí,5215.000000,Rozvojová,Nevyužíváno,Občanská vybavenost
"POINT (16.0701565538259 50.4770390177864)",42.000000,Červený Kostelec - Lhota - Stolín,16.070157,50.477039,480000.00,573965.000000,R,C,V,"Většina území je již zastavěna nebo je připravována výstavba (v projektové fázi). Firmy umístěné v PZ: Oerlikon Czech, s.r.o. - strojírenství; Boltjes International, s.r.o. - ohýbání a tváření trubek; MG Italy Czech Division, s.r.o.",Složité majetkové vztahy - veškeré pozemky jsou v majetku fyzických osob.,Bez zátěží.,"Limitem využití je kromě ochranných pásem stávající infrastruktury (vedení VN) a ochranného pásma dráhy menší podíl využitelných nezastavěných ploch a rozdělení území stávajícími komunikacemi. Nedokončená infrastruktura, zejm",Bez ochrany.,Červený Kostelec,Náchod,5209.000000,Rozvojová,Částečně využíváno,Výroba
"POINT (15.3710822834521 50.4269344658783)",43.000000,"Jičín - Průmyslová zóna I, II, III",15.371082,50.426934,709000.00,572659.000000,R,C,V,"PZ I a II jsou využívány; PZ III je bez využití, její realizace je mj. závislá na na výkupu některých pozemků, většina volných pozemků je ve vlastnictví města Jičín. Firmy umístěné v PZ I: Continental Teves CR, s.r.o. - výroba aut","Průmyslová zóna situována na zemědělské půdě, volné plochy částečně v majetku soukromých vlastníků. Plošné rezervy rozděleny do několika dílčích ploch, jejichž uspořádání musí respektovat polohu stávající nadřazené infr",,,Bez ochrany.,Jičín,Jičín,5207.000000,Rozvojová,Částečně využíváno,Výroba
"POINT (15.6639102825209 50.6161359538075)",45.000000,Lánov - Kovársko,15.663910,50.616136,300000.00,579165.000000,R,C,V,Využíváno cca 7 % z celkové využitelné části. Zemědělská půda. Nevyjasněné majetkové vztahy.,"PZ je schválena v územním plánu obce, probíhají výkupy pozemků a probíhá projektová příprava komunikací a inženýrských sítí. Předpokládá se využití PZ pro subdodavatele závodu Škoda Vrchlabí. Část PZ je v majetku obce. Obec z",Bez zátěží.,"Plné využití území omezuje existence vzdušného vedení VN 35 kV a VTL plynovodu, která přecházejí přes pozemky a dále prvky zelených pásů doprovodu místní vodoteče.",Bez ochrany.,Dolní Lánov,Vrchlabí,5215.000000,Rozvojová,Částečně využíváno,Výroba
"POINT (15.2426909626653 50.3358868996848)",46.000000,Kopidlno - Průmyslová zóna,15.242691,50.335887,840000.00,573060.000000,R,C,V,"Využíváno pouze 12,5 % plochy. Jinak zemědělská půda.","Cca 4 ha v majetku firmy G&G Future Solutions, Ltd. Cca 15-20% pozemků v PZ je v majetku města, zbývající volné pozemky jsou ve vlastnictví velkého množství soukromých vlastníků.",,"Zábor zemědělské půdy, přes východní část zóny vede navržená přeložka silnice II/280.",Bez ochrany.,Kopidlno,Jičín,5207.000000,Rozvojová,Částečně využíváno,Výroba
"POINT (15.4741028269782 50.2218863475189)",47.000000,Nový Bydžov - Zábědov,15.474103,50.221886,470000.00,570478.000000,R,C,V,"Průmyslová zóna je zainvestována a připravena k využití. Realizace PZ je rozdělena do 4 etap. Firmy umístěné v PZ: Pechiney Čechobal, s.r.o. - výroba obalů na potraviny (Amcor Flexibles Skřivany s.r.o.); Multi-Wing CZ s.r.o., KASI spol. s.",,Bez zátěží.,Částečné omezení využití si vynutí existence vodoteče a ochranné pásmo vrchního vedení VN.,Bez ochrany.,Nepolisy,Nový Bydžov,5212.000000,Rozvojová,Částečně využíváno,Výroba
"POINT (16.0884705983194 50.2733742781693)",48.000000,"Opočno - Podzámčí I, II",16.088471,50.273374,240000.00,576590.000000,R,C,V,"K prodeji a využití připraveno cca 1,6 ha ploch. Firmy v průmyslové zóně: VCES a.s. - stavebnictví; ČESKÝ ZAHRÁDKÁŘSKÝ SVAZ, základní organizace Opočno.",Volné pozemky v PZ jsou ve vlastnictví města Opočna.,Bez zátěže.,"Jih lokality je v kontaktu s regionálním biokoridorem ÚSES, sever s lokálním ÚSES, zóna leží na zemědělských půdách I. třídy ochrany. Ochranné pásmo dráhy.",Bez ochrany.,Opočno,Dobruška,5202.000000,Rozvojová,Částečně využíváno,Výroba
"POINT (16.2621851661408 50.182267708341)",49.000000,Rychnov nad Kněžnou - Lipovka,16.262185,50.182268,496000.00,576069.000000,R,C,V,"PZ je schválena v územním plánu. Část zóny je již využita. Firmy sídlící v PZ: Matrix, a.s.; Třebešov - dřevozpracující průmysl; M. Preymesser, s.r.o.; Řepov - logistika.",Majetkové vztahy v PZ nejsou zcela vyjasněny.,Bez zátěže.,"OP venkovního vedení 110 kV, zábor zemědělské půdy. Problémy s napojením PZ na kanalizaci.",Bez ochrany.,Rychnov nad Kněžnou,Rychnov nad Kněžnou,5213.000000,Rozvojová,Částečně využíváno,Výroba
"POINT (15.8466847002813 50.2966511735368)",50.000000,Smiřice - Průmyslová zóna,15.846685,50.296651,540000.00,570877.000000,R,C,V,"Volno 52 %. V zóně přítomnost lehké výroby, fotovoltaika.",Pozemky jsou v soukromém vlastnictví.,,"Zábor zemědělského půdního fondu a předpoklad archeologických nálezů. Složité majetkoprávní poměry; není možné přímé napojení na silnici I/33 (pouze přes místní komunikace a silnice III. třídy).",Bez ochrany.,Smiřice,Hradec Králové,5205.000000,Rozvojová,Částečně využíváno,Výroba
"POINT (16.2526650350544 50.194264128186)",51.000000,Solnice - Jih (Na skále),16.252665,50.194264,370000.00,576808.000000,R,C,V,"Přítomnost fotovoltaickké elektrárny. PZ je zahrnuta v územním plánu Solnice, je zpracována urbanistická studie zóny (na původních 50 ha) a část pozemků je nabízena investorům. V PZ nejsou umístěny žádné firmy. Předpokládá se um","Vlastnické poměry: část v soukromém vlastnictví, část stát a obec. Nejsou provedeny výkupy části pozemků od soukromých vlastníků.",Bez zátěže.,Realizace zóny si vyžádá zábor kvalitních zemědělských půd. Uspořádání zóny musí respektovat polohu stávající nadřazené infrastruktury vč. ochranného pásma dráhy. Potenciální problém nedostatku pracovních sil vzhledem k bezpr,Bez ochrany.,Solnice,Rychnov nad Kněžnou,5213.000000,Rozvojová,Částečně využíváno,Výroba
"POINT (15.9137643338352 50.6713284831)",52.000000,Žacléř,15.913764,50.671328,213000.00,579874.000000,R,N,V,PZ je připravena pro výstavbu a využití. V PZ nejsou zatím umístěny žádné firmy.,"Obec, ca 50% v majetku ČR.",,Vymezení zóny je z části nad dobývacím prostorem a do lokality zasahuje ochranné pásmo dráhy.,Bez ochrany.,Žacléř,Trutnov,5214.000000,Rozvojová,Nevyužíváno,Výroba
"POINT (15.2976623142509 50.4986547856656)",53.000000,Bývalá fara - Libuň,15.297662,50.498655,7070.00,573043.000000,B,N,O,Bez využití. Zastavěno 15 %.,Obec.,Ne.,Ne.,Nemovitá kulturní památka.,Kněžnice,Jičín,5207.000000,Brownfield,Nevyužíváno,Občanská vybavenost
"POINT (16.2875112391237 50.1183925935344)",54.000000,Bývalá kasárna - Vamberk,16.287511,50.118393,30753.00,576883.000000,B,N,B,13 objektů na pozemku. 15447 m<sup>2</sup> podlahové plochy.,,Lze předpokládat.,,Ne.,Vamberk,Rychnov nad Kněžnou,5213.000000,Brownfield,Nevyužíváno,Bydlení
"POINT (16.1516686951414 50.3545738752705)",55.000000,Bývalá kasárna - Nové Město nad Metují,16.151669,50.354574,17120.00,574279.000000,B,N,B,Nevyužito. Podlahová plocha objektů 5 553 m<sup>2</sup>.,Město.,Ne.,,Ne.,Nové Město nad Metují,Nové Město nad Metují,5211.000000,Brownfield,Nevyužíváno,Bydlení
"POINT (15.3623473682214 50.4420791034098)",56.000000,Bývalá kasárna - Jičín,15.362347,50.442079,71000.00,572659.000000,B,N,O,Nevyužito. Podlahová plocha objektů 25 500 m<sup>2</a>. 19 objektů.,Obec.,Ne.,,Bez ochrany.,Jičín,Jičín,5207.000000,Brownfield,Nevyužíváno,Občanská vybavenost
"POINT (15.4984040855842 50.2686598779583)",57.000000,Bývalá prodejna stavebnin - Skřivany,15.498404,50.268660,766.00,570834.000000,B,N,O,Bez využití.,"Budova patří obci, pozemek státu.",Ne.,Ne.,Ne.,Skřivany,Nový Bydžov,5212.000000,Brownfield,Nevyužíváno,Občanská vybavenost
"POINT (15.6971114736365 50.4846285330897)",58.000000,Bývalá škola - Mostek,15.697111,50.484629,1390.00,579238.000000,B,N,O,,Obec.,Ne.,,Ne.,Horní Brusnice,Dvůr Králové nad Labem,5203.000000,Brownfield,Nevyužíváno,Občanská vybavenost
"POINT (15.5510106599536 50.1522027653505)",59.000000,Bývalá škola - Chudeřice,15.551011,50.152203,5400.00,570125.000000,B,N,O,,Obec.,Ne.,,Ne.,Chudeřice,Hradec Králové,5205.000000,Brownfield,Nevyužíváno,Občanská vybavenost
"POINT (16.2026632274976 50.0510357368678)",60.000000,Bývalá škola - Kostelecké Horky,16.202663,50.051036,3958.00,576387.000000,B,C,O,Částečně využíváno.,Vlastnictví obce.,Pravděpodobně nekontaminované bez budov (nebo s malým počtem budov).,,Bez ochrany.,Kostelecké Horky,Kostelec nad Orlicí,5208.000000,Brownfield,Částečně využíváno,Občanská vybavenost
"POINT (15.2279227098443 50.3149147496977)",61.000000,Bývalá škola v Mlýnci - Kopidlno,15.227923,50.314915,2205.00,548952.000000,B,C,O,,Vlastnictví obce.,Pravděpodobně nekontaminované bez budov (nebo s malým počtem budov).,,Bez ochrany.,Budčeves,Jičín,5207.000000,Brownfield,Částečně využíváno,Občanská vybavenost
"POINT (15.9312853619524 50.340236423778)",62.000000,Bývalá vojenská nemocnice - Josefov - Jaroměř,15.931285,50.340236,13768.00,574121.000000,B,N,O,Bez využití.,Obecní.,Existence ekologických zátěží.,,Památkově chráněno.,Jaroměř,Jaroměř,5206.000000,Brownfield,Nevyužíváno,Občanská vybavenost
"POINT (15.7067059927065 50.2388126453292)",63.000000,Bývalé Harrachovské sýpky - Dolní Přím,15.706706,50.238813,3094.00,569984.000000,B,C,V,Zhruba 25 % využíváno pro zemědělskou výrobu.,50 % obecní.,Nez ekologických zátěží.,,Bez památkové ochrany.,Dolní Přím,Hradec Králové,5205.000000,Brownfield,Částečně využíváno,Výroba
"POINT (15.8109915917026 50.4347336037537)",64.000000,Bývalé textilní učiliště - Dvůr Králové nad Labem,15.810992,50.434734,1622.00,579203.000000,B,C,O,Využita zhruba třetina objektu.,Obecní.,Ne.,,Bez ochrany.,Dvůr Králové nad Labem,Dvůr Králové nad Labem,5203.000000,Brownfield,Částečně využíváno,Občanská vybavenost
"POINT (15.8075657631184 50.4244962105279)",65.000000,Bývalý dům s pečovatelskou službou - Dvůr Králové nad Labem,15.807566,50.424496,969.00,579203.000000,B,N,O,Nevyužíváno.,Obecní objekt.,Bez zátěží.,,Bez ochrany.,Dvůr Králové nad Labem,Dvůr Králové nad Labem,5203.000000,Brownfield,Nevyužíváno,Občanská vybavenost
"POINT (15.6320537301272 50.2055176309749)",67.000000,Bývalý mlýn a sušárna čekanky - Boharyně,15.632054,50.205518,1805.00,569887.000000,B,N,O,Bez využití.,Obecní.,Bez zátěží.,,Bez ochrany.,Boharyně,Hradec Králové,5205.000000,Brownfield,Nevyužíváno,Občanská vybavenost
"POINT (16.1516043319248 50.3565202108542)",68.000000,Bývalý vojenský autopark - Nové Město nad Metují,16.151604,50.356520,13294.00,574279.000000,B,N,B,Bez využití.,Obecní.,Existence ekologických zátěží souvisejících s předchozím využitím armádou.,,Bez ochrany.,Nové Město nad Metují,Nové Město nad Metují,5211.000000,Brownfield,Nevyužíváno,Bydlení
"POINT (15.4285222915562 50.1831219490918)",69.000000,Chlumecká průmyslová zóna 1 - Chlumec nad Cidlinou,15.428522,50.183122,111228.00,570109.000000,R,N,V,Bez využití.,Obecní.,Bez zátěží.,,Bez ochrany.,Chlumec nad Cidlinou,Hradec Králové,5205.000000,Rozvojová,Nevyužíváno,Výroba
"POINT (15.4300149468678 50.1850383914088)",70.000000,Chlumecká průmyslová zóna 2 - Chlumec nad Cidlinou,15.430015,50.185038,50922.00,570109.000000,R,N,V,Bez využití.,Obecní.,Bez zátěží.,,Bez ochrany.,Chlumec nad Cidlinou,Hradec Králové,5205.000000,Rozvojová,Nevyužíváno,Výroba
"POINT (15.4177063874501 50.1898753303786)",71.000000,Chlumecká průmyslová zóna 3 - Chlumec nad Cidlinou,15.417706,50.189875,47467.00,570290.000000,R,N,V,Bez využití.,Obecní.,Bez zátěže.,,Bez ochrany.,Lišice,Hradec Králové,5205.000000,Rozvojová,Nevyužíváno,Výroba
"POINT (15.4201784404553 50.1906666417576)",72.000000,Chlumecká průmyslová zóna 4 - Chlumec nad Cidlinou,15.420178,50.190667,6446.00,570290.000000,R,N,V,Bez využití.,Obecní.,Bez zátěží.,,Bez ochrany.,Lišice,Hradec Králové,5205.000000,Rozvojová,Nevyužíváno,Výroba
"POINT (15.9331448895749 50.3398145473387)",73.000000,Čtvercová kasárna - Josefov,15.933145,50.339815,16294.00,574121.000000,B,N,O,Nevyužíváno.,Obecní.,BEz ekologických zátěží.,,Památkově chráněno.,Jaroměř,Jaroměř,5206.000000,Brownfield,Nevyužíváno,Občanská vybavenost
"POINT (15.3486597811292 50.4360399779292)",74.000000,Jezuitská kolej - Jičín,15.348660,50.436040,5600.00,572659.000000,B,N,O,Bez využití.,Obecní.,Bez zátěží.,,Městská památková rezervace.,Jičín,Jičín,5207.000000,Brownfield,Nevyužíváno,Občanská vybavenost
"POINT (15.7203895065379 50.5409247703883)",75.000000,Labský Mlýn 1 - Hostinné,15.720390,50.540925,3770.00,579297.000000,B,N,V,Bez využití.,Obecní.,Bez zátěží.,,Budova je součástí městské památkové zóny.,Hostinné,Vrchlabí,5215.000000,Brownfield,Nevyužíváno,Výroba
"POINT (15.7217175797136 50.5402101026256)",76.000000,Labský Mlýn 2 - Hostinné,15.721718,50.540210,1171.00,579297.000000,B,N,V,Bez využití.,Obecní.,Bez zátěží.,,Památkově chráněno.,Hostinné,Vrchlabí,5215.000000,Brownfield,Nevyužíváno,Výroba
"POINT (15.7654934270551 50.3115142454125)",77.000000,Rozestavěné nákupní středisko - Hořiněves,15.765493,50.311514,1400.00,570044.000000,B,N,O,Bez využití.,Obecní.,Bez zátěží.,,Bez ochrany.,Hořiněves,Hradec Králové,5205.000000,Brownfield,Nevyužíváno,Občanská vybavenost
"POINT (15.7274015417103 50.2888363630862)",78.000000,"Sušárna cikorky, přestavěná na obilní silo - Čistěves",15.727402,50.288836,4584.00,569933.000000,B,C,O,Využití malé části objektu pro zemědělství.,Obecní.,Bez zátěží.,,Bez památkové ochrany.,Čistěves,Hradec Králové,5205.000000,Brownfield,Částečně využíváno,Občanská vybavenost
"POINT (15.4991874367275 50.2561800465343)",79.000000,Zámecký areál - Sloupno,15.499187,50.256180,30000.00,570508.000000,B,N,O,Nevyužíváno.,Hospodářské zázemí vlastní stát (pozemkový fond). Samotný zámek vlastní obec.,Bez zátěží.,,Bez ochrany.,Nový Bydžov,Nový Bydžov,5212.000000,Brownfield,Nevyužíváno,Občanská vybavenost
"POINT (15.8180571787164 50.2244295715844)",80.000000,"Areál SŽDC, Hradec Králové - Plácky",15.818057,50.224430,32000.00,569810.000000,B,N,V,Bez využití,Jeden soukromý vlastník.,Lze předpokládat.,Pro navrhované využití bez střetu s územně plánovací dokumentací.,Bez ochrany.,Hradec Králové,Hradec Králové,5205.000000,Brownfield,Nevyužíváno,Výroba
"POINT (15.2559315328324 50.3313604829305)",81.000000,Areál tepelně energetického centra - Kopidlno,15.255932,50.331360,87000.00,573060.000000,B,N,V,Bez využití.,Jeden soukromý vlastník.,"Lehká kontaminace z provozu kotelny a zauhlování, úkapy olejů, mazutu apod.","Bez limitů (geologické limity, limity ochrany přírody a krajiny, ochrana podzemních a povrchových vod, ochrana zemědělského půdního fondu). 
Pro navrhované využití bez střetu s územně plánovací dokumentací.",Bez ochrany.,Kopidlno,Jičín,5207.000000,Brownfield,Nevyužíváno,Výroba
"POINT (15.9427899711598 50.2654921993922)",82.000000,"BETA, Černilov",15.942790,50.265492,97291.00,569917.000000,B,C,V,"Sklady, parkování, výroba - krátkodobé pronájmy.",Tři soukromí vlastníci.,Bez zátěží.,"Bez limitů (geologické limity, limity ochrany přírody a krajiny, ochrana podzemních a povrchových vod, ochrana zemědělského půdního fondu).",Nez ochrany.,Černilov,Hradec Králové,5205.000000,Brownfield,Částečně využíváno,Výroba
"POINT (16.130579474837 50.3447962397629)",83.000000,"Bývalá cihelna, Nové Město nad Metují-Krčín",16.130579,50.344796,70755.00,574279.000000,B,C,V,"Objekt č.3 je zčásti pronajat ke strojní výrobě (výtahy), po rekonstrukci využitelný pro průmyslové účely.",Jeden soukromý vlastník.,Ojedinělé znečištění ropnými produkty z předchozí výroby.,Pro navrhované využití není předpokládaný střet s územně plánovací dokumentací (ÚPD).,Bez ochrany.,Nové Město nad Metují,Nové Město nad Metují,5211.000000,Brownfield,Částečně využíváno,Výroba
"POINT (15.9206068542737 50.3794658301327)",84.000000,Bývalá tkalcovna - Heřmanice nad Labem,15.920607,50.379466,2237.00,547531.000000,B,N,O,Bez využití.,Jeden soukromý vlastník.,Bez ekologických zátěží.,"Bez limitů (geologické limity, limity ochrany přírody a krajiny, ochrana podzemních a povrchových vod, ochrana zemědělského půdního fondu).",Bez památkové ochrany.,Hořenice,Jaroměř,5206.000000,Brownfield,Nevyužíváno,Občanská vybavenost
"POINT (15.6390029835985 50.3713307039493)",85.000000,Bývalá vila v Maixnerově ulici - Hořice,15.639003,50.371331,8000.00,572926.000000,B,N,O,Bez využití.,Dva soukromí vlastníci.,Bez ekologických zátěží.,,Chráněná kulturní památka.,Hořice,Hořice,5204.000000,Brownfield,Nevyužíváno,Občanská vybavenost
"POINT (15.6059489710684 50.3419747322237)",86.000000,Bývalý cukrovar - Bašnice,15.605949,50.341975,65000.00,572667.000000,B,N,V,"Bez využití, dlouhodobě probíhající asanační práce se nyní na delší dobu zastavily, dosud byla odstraněna většina původních objektů.",Kombinované (2 vlastníci).,Lze předpokládat.,Nezjištěno.,Bez památkové ochrany.,Bašnice,Hořice,5204.000000,Brownfield,Nevyužíváno,Výroba
"POINT (15.5077022769269 50.3603443141405)",87.000000,"Bývalý Horákův statek, pivovar, zámeček - Obora u Chomutic",15.507702,50.360344,46000.00,572969.000000,B,C,O,"Většinou bez využití, různá provizoria, vysoká zchátralost objektů (zámeček odstraněn).",Jeden soukromý vlastník.,Bez zátěží.,Nezjištěno.,Bez ochrany.,Chomutice,Hořice,5204.000000,Brownfield,Částečně využíváno,Občanská vybavenost
"POINT (15.4639771379575 50.1580729121846)",88.000000,Bývalý pivovar - Chlumec nad Cidlinou,15.463977,50.158073,39000.00,570109.000000,B,C,V,Provozovny firem v části objektů.,Kombinované - 10 vlastníků.,Lze předpokládat.,Nezjištěno. Pro navrhované využití nepředpokládán střet s územně plánovací dokumentací (ÚPD).,Bez ochrany.,Chlumec nad Cidlinou,Hradec Králové,5205.000000,Brownfield,Částečně využíváno,Výroba
"POINT (16.2228154314953 50.1179532355869)",89.000000,Bývalý podnik Vánoční ozdoby - Kostelec nad Orlicí,16.222815,50.117953,4278.00,576361.000000,B,N,V,Bez využití.,Jeden soukromý vlastník.,Nezjištěno.,Pro navrhované využití bez střetu s územně plánovací dokumentací.,Bez ochrany.,Kostelec nad Orlicí,Kostelec nad Orlicí,5208.000000,Brownfield,Nevyužíváno,Výroba
"POINT (15.265666866862 50.3343581827259)",90.000000,Cukrovar Kopidlno,15.265667,50.334358,87000.00,573060.000000,B,C,V,"Areál je částečně využívaný - vrátnice, administrativní budova, sklady.
","Jeden soukromý vlastník.
",Bez ekologických zátěží.,"Bez limitů (geologické limity, limity ochrany přírody a krajiny, ochrana podzemních a povrchových vod, ochrana zemědělského půdního fondu).",Bez ochrany.,Kopidlno,Jičín,5207.000000,Brownfield,Částečně využíváno,Výroba
"POINT (15.3803785527339 50.1554162111463)",91.000000,"Dvůr Bludy - vepřín a obytné budovy, Lovčice",15.380379,50.155416,30000.00,570320.000000,B,N,V,Bez využití.,Kombinované - 2 vlastníci.,Zjištěny ekologické zátěže.,Nezjištěno.,Bez ochrany.,Lovčice,Hradec Králové,5205.000000,Brownfield,Nevyužíváno,Výroba
"POINT (15.8240073242029 50.4319199219295)",92.000000,Hala MILCOM a.s. - Dvůr Králové nad Labem,15.824007,50.431920,2120.00,579203.000000,B,C,V,Část objektu je využívána jako skladové prostory.,Jeden soukromý vlastník.,Bez zátěží.,Ochrana zemědělského půdního fondu v lokalitě. Existence potenciálních problémů v rámci posuzování vlivů stavby na životní prostředí.,Bez ochrany.,Dvůr Králové nad Labem,Dvůr Králové nad Labem,5203.000000,Brownfield,Částečně využíváno,Výroba
"POINT (15.5152205992941 50.4975361238959)",93.000000,Pavlánský klášter - Nová Paka,15.515221,50.497536,6860.00,573248.000000,B,C,O,Dnes je areál velmi pohledově exponován (vedle chrámu Nanebevzetí Panny Marie) na hraně terénního zlomu poblíž centra sídla – dominanta viditelná z Masarykova náměstí). Předchozí využítí lokality: Občanská vybavenost (kulturní do,Jeden soukromý vlastník.,Lze předpokládat.,"Funkce je přiřazena těm činnostem, které nemají komerční charakter a slouží pro uspokojování potřeb obyvatel, převážně v oblasti sociální, školství a zdravotnictví. 
Dále nezjištěno (geologické limity, limity ochrany přírody a",Objekt bývalého kláštera je kulturní nemovitou památkou.,Nová Paka,Nová Paka,5210.000000,Brownfield,Částečně využíváno,Občanská vybavenost
"POINT (15.845449236132 50.2143647491227)",94.000000,Pilnáčkova továrna - Hradec Králové,15.845449,50.214365,10000.00,569810.000000,B,C,O,Areál je stále funkční v dobrém stavu průběžně udržován a opravován.,Jeden soukromý vlastník.,Bez zátěží.,"Bez limitů (geologické limity, limity ochrany přírody a krajiny, ochrana podzemních a povrchových vod, ochrana zemědělského půdního fondu).",Bez ochrany.,Hradec Králové,Hradec Králové,5205.000000,Brownfield,Částečně využíváno,Občanská vybavenost
"POINT (16.0666969837235 50.5235095259607)",95.000000,Protheus Malé Svatoňovice,16.066697,50.523510,37405.00,579513.000000,B,N,V,Nevyužíváno.,Jeden soukromý vlastník.,Nezjištěno.,Nezjištěno.,Nezjištěno.,Malé Svatoňovice,Trutnov,5214.000000,Brownfield,Nevyužíváno,Výroba
"POINT (15.8130478474718 50.6351705794919)",96.000000,Průmyslový areál Maršov - Svoboda nad Úpou,15.813048,50.635171,42472.00,579548.000000,B,C,V,"Částečně pronajímáno jako sklady, v části areálu využito pro provoz vodní elektrárny.","Soukromé vlastnictví. Jeden vlastník.
Věcné břemeno chůze a jízdy: pp. 138/1, 138/2, 179/1, 179/8, 179/9, 192/4, 192/7.","Lze předpokládat. Kontaminace půdy či stavebních konstrukcí (oleje, ropné látky).","Ochranné pásmo KRNAPu. Areál se nachází v kontaktu s pásmem vodních zdrojů, ale mimo záplavová území",Bez ochrany.,Mladé Buky,Trutnov,5214.000000,Brownfield,Částečně využíváno,Výroba
"POINT (15.7945529738452 50.6661654048839)",97.000000,Továrna Mechanika - Temný důl,15.794553,50.666165,4856.00,579262.000000,B,N,V,Bez využití.,Jeden soukromý vlastník. Nařízení výkonu rozhodnutí prodejem nemovitosti Věcné břemeno (podle listiny). Věcné břemeno užívání.,Bez zátěží.,Leží v ochranném pásmu Krkonošského Národního parku (hranice cca 20 m od objektu z obou stran).,Objekt je nemovitou kulturní památkou č. 11411.,Horní Maršov,Trutnov,5214.000000,Brownfield,Nevyužíváno,Výroba
"POINT (15.4315333034058 50.1888219930163)",98.000000,Výrobní areál Chlumec nad Cidlinou,15.431533,50.188822,43000.00,570290.000000,B,N,V,Bez využití.,Jeden soukromý vlastník. Jedná se o prodej v rámci insolvečního řízení. Veškeré omezení zanikají v souladu s ustanovením insolvenčního zákona (zákon o úpadku). Nezanikají věcná břemena.,Nezjištěno.,Nezjištěno.,Bez památkové ochrany.,Lišice,Hradec Králové,5205.000000,Brownfield,Nevyužíváno,Výroba
"POINT (15.8097116885615 50.2209723807242)",99.000000,Výrobní areál strojírenského charakteru - MTH Hradec Králové,15.809712,50.220972,36563.00,569810.000000,B,C,V,Výrobní areál strojírenského charakteru.,"Jeden soukromý vlastník.
Zástavní právo smluvní. Smlouvy o nájmu nebytových prostor a nemovitostí s nekolika subjekty, na dobu neurčitou.",Bez zátěží.,Ochranné pásmo železnice.,Bez ochrany.,Hradec Králové,Hradec Králové,5205.000000,Brownfield,Částečně využíváno,Výroba
"POINT (15.6819386171737 50.3414140178462)",100.000000,Zámek a zámecký park - Jeřice,15.681939,50.341414,500000.00,572993.000000,B,C,O,"Bez využití, částečně pro soukromé účely vlastníka, zámecký park upraven s podporou z veřejných finančních zdrojů.",Jeden soukromý vlastník.,Bez zátěží.,Nezjištěno.,Kulturní památka.,Jeřice,Hořice,5204.000000,Brownfield,Částečně využíváno,Občanská vybavenost
"POINT (15.6737844092232 50.2211331868632)",101.000000,Plocha pro bydlení - Hrádek,15.673784,50.221133,14614.00,569984.000000,R,N,B,,Soukromé.,,,,Dolní Přím,Hradec Králové,5205.000000,Rozvojová,Nevyužíváno,Bydlení
"POINT (15.4798569589345 50.1485138095046)",102.000000,Plocha pro bydlení před šlechtitelskou stanicí a na Skalce - Chlumec nad Cidlinou,15.479857,50.148514,55000.00,570109.000000,R,N,B,Bez využití.,Vlastnictví města.,,,,Chlumec nad Cidlinou,Hradec Králové,5205.000000,Rozvojová,Nevyužíváno,Bydlení
"POINT (15.45010838046 50.1507022119978)",103.000000,Plocha pro bydlení před Palackého k Františku - Chlumec nad Cidlinou,15.450108,50.150702,260000.00,570109.000000,R,N,B,Zemědělská plocha.,"Soukromé vlastnictví-majitelé jednotlivých políček, nezapsané pozemky na LV.",,,,Chlumec nad Cidlinou,Hradec Králové,5205.000000,Rozvojová,Nevyužíváno,Bydlení
"POINT (15.8458460941532 50.1944574423257)",104.000000,B10 - Mandysova - Hradec Králové,15.845846,50.194457,7700.00,569810.000000,R,N,B,,,Bez zátěže.,Architektonické řešení objektů musí brát zřetel na stávající zástavbu sídliště Moravské Předměstí a vhodně ji doplnit a oživit.,Bez ochrany.,Hradec Králové,Hradec Králové,5205.000000,Rozvojová,Nevyužíváno,Bydlení
"POINT (15.8984210231873 50.2323525788078)",105.000000,B20 - Slatina - Hradec Králové,15.898421,50.232353,99000.00,569810.000000,R,N,B,,Soukromé.,,Architektonické řešení objektů musí brát zřetel na stávající tradiční zástavbu příměstského charakteru v místní části Slatina.,,Hradec Králové,Hradec Králové,5205.000000,Rozvojová,Nevyužíváno,Bydlení
"POINT (15.7856270955846 50.1737314676951)",106.000000,B7 - Březhrad - Hradec Králové,15.785627,50.173731,15000.00,569810.000000,R,N,B,,Soukromé.,,,,Hradec Králové,Hradec Králové,5205.000000,Rozvojová,Nevyužíváno,Bydlení
"POINT (15.59133578864 50.2457308408699)",107.000000,Zahrady občanů obce - Kobylice,15.591336,50.245731,18000.00,570451.000000,R,C,B,Zástavba parcely příslušenstvím domu st.p.č.22,Soukromé zahrady se částečně obdělávají.,,,,Nechanice,Hradec Králové,5205.000000,Rozvojová,Částečně využíváno,Bydlení
"POINT (15.5838866434567 50.2474679876631)",108.000000,Konec lesa Ohrada na p.p.č.230/3 KN - Kobylice,15.583887,50.247468,23000.00,570451.000000,R,N,B,,Část lesa obce bude vykácena po p.p.č.230/2.,,,,Nechanice,Hradec Králové,5205.000000,Rozvojová,Nevyužíváno,Bydlení
"POINT (15.5848228222492 50.2432838598957)",109.000000,U Řasova - Kobylice,15.584823,50.243284,22000.00,570451.000000,R,N,B,,Soukromé (obhospodařuje Rolnická a.s. Králíky),,,,Nechanice,Hradec Králové,5205.000000,Rozvojová,Nevyužíváno,Bydlení
"POINT (15.6344077918109 50.3763013880466)",110.000000,Švestkovna - Hořice,15.634408,50.376301,30000.00,548995.000000,R,C,B,,"Město Hořice, soukromý vlastník. Plocha v majetku obce volná.",,,,Červená Třemešná,Hořice,5204.000000,Rozvojová,Částečně využíváno,Bydlení
"POINT (15.6218133947575 50.3701251138214)",111.000000,Za Karosou - Hořice,15.621813,50.370125,60000.00,572926.000000,R,N,B,Zatím bez využití.,3 soukromí vlastníci.,,,,Hořice,Hořice,5204.000000,Rozvojová,Nevyužíváno,Bydlení
"POINT (15.5018742271736 50.498700685563)",112.000000,Plocha bydlení Slovany - Nová Paka,15.501874,50.498701,21240.00,573248.000000,R,N,B,Bez využití.,Větší část vlastní Město Nová Paka a Česká republika - Pozemkový fond a zbývající část soukromí vlastníci.,Bez zátěží.,Menší část - ochranné pásmo dráhy (spodní okraj plochy).,,Nová Paka,Nová Paka,5210.000000,Rozvojová,Nevyužíváno,Bydlení
"POINT (15.5270327785007 50.4873551357213)",113.000000,Plocha bydlení U pivovaru - Nová Paka,15.527033,50.487355,87900.00,573248.000000,R,N,B,Zatím nevyužitá.,Převážně vlastníkem Česká republika - Pozemkový fond.,,Menší část - ochranné pásmo vodního zdroje a vysokého napětí elektřiny.,,Nová Paka,Nová Paka,5210.000000,Rozvojová,Nevyužíváno,Bydlení
"POINT (16.2789964066924 50.4974757849248)",115.000000,Záduší - Machov,16.278996,50.497476,29200.00,574210.000000,R,N,B,Z menší části obsazeno.,"Část v majetku městyse Machov (0,6 ha), část Římskokatolické církve (0,2 ha), zbytek v soukromém vlastnictví.",,"Vedení VN - odbočky k trafostanicím (0,1 ha).",,Machov,Náchod,5209.000000,Rozvojová,Nevyužíváno,Bydlení
"POINT (16.1197401311948 50.6186981191231)",116.000000,Horní Adršpach,16.119740,50.618698,23000.00,547786.000000,R,N,B,,Obecní pozemek.,,,,Adršpach,Broumov,5201.000000,Rozvojová,Nevyužíváno,Bydlení
"POINT (16.0814059072522 50.6268107182119)",117.000000,Dolní Adršpach,16.081406,50.626811,12000.00,547786.000000,R,N,B,,Obecní plochy.,,,,Adršpach,Broumov,5201.000000,Rozvojová,Nevyužíváno,Bydlení
"POINT (15.9187122628036 50.3629385871049)",118.000000,Plocha při výjezdu na Hořenice,15.918712,50.362939,170000.00,574121.000000,R,N,B,Neobsazeno.,Soukromé (větší počet vlastníků).,,"V severovýchodní části je území limitováno lokálním biokoridorem, jižní cíp plochy (cca 6%) se nachází v záplavovém území Q 100, vedení VN 35 kV.",,Jaroměř,Jaroměř,5206.000000,Rozvojová,Nevyužíváno,Bydlení
"POINT (16.3006783926231 50.1738459509779)",119.000000,Bydlení - Rychnov nad Kněžnou 1,16.300678,50.173846,109700.00,576069.000000,R,C,B,Bez využití.,Soukromé.,,,,Rychnov nad Kněžnou,Rychnov nad Kněžnou,5213.000000,Rozvojová,Částečně využíváno,Bydlení
"POINT (16.2455944798705 50.1839251148706)",120.000000,Bydlení Litohrady,16.245594,50.183925,24900.00,576069.000000,R,N,B,,,,Ochranné pásmo silnice III. třídy.,,Rychnov nad Kněžnou,Rychnov nad Kněžnou,5213.000000,Rozvojová,Nevyužíváno,Bydlení
"POINT (16.28934555308 50.1642161002634)",121.000000,Bydlení - Rychnov nad Kněžnou 2,16.289346,50.164216,191000.00,576069.000000,R,N,B,,,,,,Rychnov nad Kněžnou,Rychnov nad Kněžnou,5213.000000,Rozvojová,Nevyužíváno,Bydlení
"POINT (16.1377644116159 50.2637670953051)",122.000000,Římanský kopec - Semechnice,16.137764,50.263767,20000.00,576271.000000,R,N,B,Částečně zastavěno.,Obec Semechnice.,,,,Dobruška,Dobruška,5202.000000,Rozvojová,Nevyužíváno,Bydlení
"POINT (16.2530265343863 50.112953944162)",123.000000,Doudleby nad Orlicí - Z 9,16.253027,50.112954,20000.00,576301.000000,R,N,B,Nezastavěno - na hranici jednotlivých parcel jsou zavedeny všechny inženýrské sítě,"V majetku městyse - je volných stále 13 parcel – cena 595,- Kč/m2",,,,Doudleby nad Orlicí,Kostelec nad Orlicí,5208.000000,Rozvojová,Nevyužíváno,Bydlení
"POINT (16.2502895661244 50.1120032751201)",124.000000,Doudleby nad Orlicí - Z 10,16.250290,50.112003,27000.00,576301.000000,R,N,B,,Soukromé.,,Ochranné pásmo (stávající silnice I/11).,,Doudleby nad Orlicí,Kostelec nad Orlicí,5208.000000,Rozvojová,Nevyužíváno,Bydlení
"POINT (16.2683335345699 50.1108504755004)",125.000000,Doudleby nad Orlicí - Z 6,16.268334,50.110850,49000.00,576301.000000,R,N,B,Nevyužito.,Soukromé.,,"Ochranné pásmu (budoucí silnice I/11 a III/3164, izol. zeleň, plyn).",,Doudleby nad Orlicí,Kostelec nad Orlicí,5208.000000,Rozvojová,Nevyužíváno,Bydlení
"POINT (16.2628810956611 50.1116135641361)",126.000000,Doudleby nad Orlicí - Z 8.1.,16.262881,50.111614,31500.00,576301.000000,R,N,B,Nevyužito. Nemá investora.,Soukromé.,,"Ochranné pásmo (budoucí silnice I/11, elektro, izolační zeleň).",,Doudleby nad Orlicí,Kostelec nad Orlicí,5208.000000,Rozvojová,Nevyužíváno,Bydlení
"POINT (16.265306582588 50.1021074549354)",127.000000,Doudleby nad Orlicí - Z 5,16.265307,50.102107,10500.00,576301.000000,R,N,B,Nemá investora.,Soukromé.,,Ochranné pásmo (elektro).,,Doudleby nad Orlicí,Kostelec nad Orlicí,5208.000000,Rozvojová,Nevyužíváno,Bydlení
"POINT (16.2520525230456 50.102919625698)",128.000000,Doudleby nad Orlicí - Z 12,16.252053,50.102920,15700.00,576301.000000,R,N,B,Nemá investora.,Soukromé.,,"Ochranné pásmo (elektro, plyn).",,Doudleby nad Orlicí,Kostelec nad Orlicí,5208.000000,Rozvojová,Nevyužíváno,Bydlení
"POINT (16.2592297252103 50.1035489402452)",129.000000,Doudleby nad Orlicí - Z 3,16.259230,50.103549,7400.00,576301.000000,R,N,B,Nemá investora.,Soukromé.,,Ochranné pásmo (elektro).,,Doudleby nad Orlicí,Kostelec nad Orlicí,5208.000000,Rozvojová,Nevyužíváno,Bydlení
"POINT (16.2560785969736 50.1041891086784)",130.000000,Doudleby nad Orlicí - Z 4,16.256079,50.104189,10300.00,576301.000000,R,N,B,Nemá investora.,Soukromé.,,Ochranné pásmo (elektro).,,Doudleby nad Orlicí,Kostelec nad Orlicí,5208.000000,Rozvojová,Nevyužíváno,Bydlení
"POINT (16.2573509891611 50.105276729954)",131.000000,Doudleby nad Orlicí - P 4,16.257351,50.105277,5900.00,576301.000000,B,N,B,Nemá investora.,Soukromé.,,Ochranné pásmo (elektro).,,Doudleby nad Orlicí,Kostelec nad Orlicí,5208.000000,Brownfield,Nevyužíváno,Bydlení
"POINT (16.150939363296 50.0768195409721)",132.000000,Plocha pro bydlení - Čermná nad Orlicí,16.150939,50.076820,117000.00,576191.000000,R,N,B,Z menší části obsazena.,Veřejné / soukromé.,,,,Čermná nad Orlicí,Kostelec nad Orlicí,5208.000000,Rozvojová,Nevyužíváno,Bydlení
"POINT (15.6182937858591 50.5964489897369)",133.000000,Harta - Vrchlabí,15.618294,50.596449,30000.00,579858.000000,R,N,B,"Plocha je volná, nemá investora.",Veřejné (město) / soukromé.,,Ochranné pásmo dráhy.,,Vrchlabí,Vrchlabí,5215.000000,Rozvojová,Nevyužíváno,Bydlení
"POINT (15.6173002349798 50.6258409917074)",134.000000,Kalvárie - Vrchlabí,15.617300,50.625841,13000.00,579858.000000,R,N,B,"Plocha je volná, nemá investora.",Veřejné (město).,,,,Vrchlabí,Vrchlabí,5215.000000,Rozvojová,Nevyužíváno,Bydlení
"POINT (15.8219066113618 50.2207603036575)",135.000000,"Bývalá Jatka, u Labe - Hradec Králové",15.821907,50.220760,5000.00,569810.000000,B,N,O,Část v pronájmu soukromému subjektu.,Město HK.,,,Bez ochrany.,Hradec Králové,Hradec Králové,5205.000000,Brownfield,Nevyužíváno,Občanská vybavenost
"POINT (15.8442898189145 50.2385057237556)",136.000000,Letiště Hradec Králové,15.844290,50.238506,2290000.00,569810.000000,B,C,O,"Plochy letiště, vodní toky a vodní plochy obecné, plochy pro motorovou dopravu - ostatní.",,,,,Hradec Králové,Hradec Králové,5205.000000,Brownfield,Částečně využíváno,Občanská vybavenost
"POINT (15.6734893839202 50.2229702816776)",137.000000,Plocha pro sportovní a rekreační využití - Hrádek,15.673489,50.222970,110000.00,569984.000000,R,N,O,V současné době je to orná půda a v pronájmu ji má zemědělské družstvo.,Soukromé / veřejné.,,,,Dolní Přím,Hradec Králové,5205.000000,Rozvojová,Nevyužíváno,Občanská vybavenost
"POINT (15.9190379568979 50.3564813740999)",138.000000,Lokalita na Valech - Jaroměř,15.919038,50.356481,22000.00,574121.000000,R,N,O,,Město Jaroměř.,,"Na území ORP Jaroměř bylo Krajským úřadem Královéhradeckého kraje nově stanoveno záplavové území vodního toku Labe a nově vymezena aktivní zóna (čj. 20404/ZP/2008 z 08.04.2009), na základě tohoto dokumentu je lokalita Na Valech mimo",Pásmo městské památkové zóny.,Jaroměř,Jaroměř,5206.000000,Rozvojová,Nevyužíváno,Občanská vybavenost
"POINT (15.8534922617803 50.3543319158482)",139.000000,Plocha pro rozšíření lázeňského areálu - Velichovky,15.853492,50.354332,350000.00,574554.000000,R,N,O,Zemědělská plocha. Nezastavěno.,"Soukromé, větší počet vlastníků.",,,Bez ochrany.,Velichovky,Jaroměř,5206.000000,Rozvojová,Nevyužíváno,Občanská vybavenost
"POINT (16.0819629223083 50.3989650327218)",140.000000,Rozvojová plocha Provodov-Šonov,16.081963,50.398965,110000.00,573990.000000,R,N,O,V současnosti zemědělská půda.,Soukromé.,,,,Česká Skalice,Náchod,5209.000000,Rozvojová,Nevyužíváno,Občanská vybavenost
"POINT (16.1684409855122 50.289684997503)",141.000000,Rozvojová plocha za Penny - Dobruška,16.168441,50.289685,23400.00,576271.000000,R,N,O,Bez využití.,Převážně soukromé.,Bez zátěží.,"Zájmové území Armády ČR, ochranné pásmo silnice I.třídy, ochranné pásmo vodního zdroje PHO2b, CHOPAV Východočeská křída.",Bez ochrany.,Dobruška,Dobruška,5202.000000,Rozvojová,Nevyužíváno,Občanská vybavenost
"POINT (15.7069552990656 50.6069565316595)",142.000000,Rozvojová plocha D3 - Černý Důl,15.706955,50.606957,42000.00,579114.000000,R,N,O,Bez využití.,Soukromé.,Bez zátěží.,,,Černý Důl,Vrchlabí,5215.000000,Rozvojová,Nevyužíváno,Občanská vybavenost
"POINT (15.7739513683841 50.1891735201669)",143.000000,Plocha pro výrobu V3 - Kutnohorská - Hradec Králové,15.773951,50.189174,40000.00,569810.000000,R,N,V,Zemědělská půda.,Soukromé.,Bez zátěží.,Pro lokalitu nejsou stanoveny žádné speciální požadavky z hlediska architektonického ztvárnění objektů.,Bez ochrany.,Hradec Králové,Hradec Králové,5205.000000,Rozvojová,Nevyužíváno,Výroba
"POINT (15.7857257952859 50.2257517632452)",144.000000,Plocha pro výrobu - V5 - Svobodné Dvory - U cihelny - Hradec Králové,15.785726,50.225752,10000.00,569810.000000,R,N,V,Bez využití.,Soukromé.,,Pro lokalitu nejsou stanoveny žádné speciální požadavky z hlediska architektonického ztvárnění objektů.,Bez ochrany.,Hradec Králové,Hradec Králové,5205.000000,Rozvojová,Nevyužíváno,Výroba
"POINT (15.8075082849698 50.1938029178021)",145.000000,Plocha pro výrobu - V9 - Farářství - Hradec Králové,15.807508,50.193803,50000.00,569810.000000,R,C,V,Na části území je možné využít stávající halový objekt bývalého podniku EXPRAMEN.,Soukromé.,Bez zátěží.,"V území se předpokládá zachování stávajícího objektu – haly. Současné rozměry haly jsou 102,7m x 18,6 m tj. 1901 m2 . V současnosti je cca 60 % půdorysu haly (východní část), tj. 1122 m<sup>2</sup> využita pro balíkovou službu. K",Bez ochrany.,Hradec Králové,Hradec Králové,5205.000000,Rozvojová,Částečně využíváno,Výroba
"POINT (15.799096790655 50.174797487031)",146.000000,Plocha pro výrobu - V11 - Březhrad - Komerční zóna jih - Hradec Králové,15.799097,50.174797,35000.00,569810.000000,R,N,V,Bez využití.,Soukromé.,Nezjištěno.,V souladu s regulativy dle projednané urbanistické studie je v části B maximální přípustná výška zastavění 22 m při maximální zastavitelnosti pozemku 30 %.,Bez ochrany.,Hradec Králové,Hradec Králové,5205.000000,Rozvojová,Nevyužíváno,Výroba
"POINT (15.8154508069988 50.2243794766024)",147.000000,Plocha pro výrobu - V15 - Plácky - U trati - Hradec Králové,15.815451,50.224379,21000.00,569810.000000,R,N,V,Bez využití.,Soukromé.,Nezjištěno.,"Pro lokalitu bude nutné zpracovat podrobnější územně plánovací podklad – urbanistickou nebo zastavovací studii, která prověří umístění konkrétní investice a její kapacitní napojení na dopravní a technickou infrastrukturu.",Bez ochrany.,Hradec Králové,Hradec Králové,5205.000000,Rozvojová,Nevyužíváno,Výroba
"POINT (15.8362096378109 50.220797713995)",148.000000,Investiční plocha V17 - Severní zóna - Hradec Králové,15.836210,50.220798,121000.00,569810.000000,R,N,V,Zemědělská plocha.,Město HK.,,Prakticky celé území se nachází v zátopovém území. Pro lokalitu nejsou stanoveny žádné speciální požadavky z hlediska architektonického ztvárnění objektů.,,Hradec Králové,Hradec Králové,5205.000000,Rozvojová,Nevyužíváno,Výroba
"POINT (15.8212309086049 50.1796914198229)",149.000000,Investiční plocha V18 - Třebeš - Hradec Králové,15.821231,50.179691,90000.00,569810.000000,R,N,V,Zemědělská plocha.,Veřejné (město) / soukromé.,Bez zátěží.,Pro lokalitu nejsou stanoveny žádné speciální požadavky z hlediska architektonického ztvárnění objektů. Architektonicko – objemové řešení podléhá souhlasu odboru hlavního architekta Magistrátu města Hradec Králové.,Bez ochrany.,Hradec Králové,Hradec Králové,5205.000000,Rozvojová,Nevyužíváno,Výroba
"POINT (15.878819229181 50.220225134795)",150.000000,Investiční plocha V21 - Slezské Předměstí - u trati - Hradec Králové,15.878819,50.220225,10000.00,569810.000000,R,N,V,Zemědělství.,Soukromé.,Bez zátěže.,"Některé části lokality se nachází v ochranném pásmu dráhy, které je třeba respektovat. Pro lokalitu nejsou stanoveny žádné speciální požadavky z hlediska architektonického ztvárnění objektů.",Bez ochrany.,Hradec Králové,Hradec Králové,5205.000000,Rozvojová,Nevyužíváno,Výroba
"POINT (15.8971664063215 50.2197460796498)",151.000000,Investiční plocha V24 - Slezské Předměstí - Třebechovická - Hradec Králové,15.897166,50.219746,20000.00,569810.000000,R,C,V,Část plochy zainvestována. Část zemědělská půda.,Veřejné (město) / soukromé.,Bez zátěži.,"Některé části lokality se nachází v ochranném pásmu dráhy, které je třeba respektovat. Pro lokalitu nejsou stanoveny žádné speciální požadavky z hlediska architektonického ztvárnění objektů.",Bez ochrany.,Hradec Králové,Hradec Králové,5205.000000,Rozvojová,Částečně využíváno,Výroba
"POINT (15.4384211543089 50.1679845954852)",152.000000,Zóna průmyslové výroby Spravedlnost - Chlumec nad Cidlinou,15.438421,50.167985,60000.00,570109.000000,R,N,V,Stávající orná půda zemědělsky obhospodařována.,Veřejné (město) - zatím - je odsouhlasen převod budoucímu investorovi.,Bez zátěže.,Ochranné pásmo dráhy.,Bez ochrany.,Chlumec nad Cidlinou,Hradec Králové,5205.000000,Rozvojová,Nevyužíváno,Výroba
"POINT (15.4842265584283 50.2203954867024)",153.000000,Nový Bydžov - Zábědov - východ,15.484227,50.220395,59000.00,570478.000000,R,C,V,"1,3 ha smluvně zajištěno.",Veřejné (Město Nový Bydžov).,Bez zátěží.,Bez limitů.,Bez ochrany.,Nepolisy,Nový Bydžov,5212.000000,Rozvojová,Částečně využíváno,Výroba
"POINT (15.4553026617843 50.4204277590841)",154.000000,Plocha pro výrobu Lužany,15.455303,50.420428,60000.00,573159.000000,R,N,V,Zemědělská půda.,Soukromé (15 vlastníků).,Bez zátěží.,"Plocha bude uvolněna až po výstavbě R35, částečně v ochranném pásmu komunikace.",Bez ochrany.,Lužany,Jičín,5207.000000,Rozvojová,Nevyužíváno,Výroba
"POINT (15.2586990739061 50.3321641642012)",155.000000,Malá průmyslová zóna - Kopidlno,15.258699,50.332164,35000.00,573060.000000,R,N,V,"Současné využití, jako orná půda.
",Veřejné / soukromé.,Nezjištěno.,Bez omezení.,Bez ochrany.,Kopidlno,Jičín,5207.000000,Rozvojová,Nevyužíváno,Výroba
"POINT (15.6223414696738 50.3622139452981)",156.000000,Plocha mezi R35 a I/35 - Hořice,15.622341,50.362214,70000.00,572926.000000,R,N,V,Zemědělská půda.,Soukromé.,Bez zátěží.,,Bez ochrany.,Hořice,Hořice,5204.000000,Rozvojová,Nevyužíváno,Výroba
"POINT (15.4985887887906 50.4742931410651)",157.000000,Průmyslová plocha Kumburský Újezd - Nová Paka,15.498589,50.474293,127800.00,573248.000000,R,N,V,Zemědělská půda.,Soukromé - větší počet vlastníků.,Bez zátěží.,,Bez ochrany.,Nová Paka,Nová Paka,5210.000000,Rozvojová,Nevyužíváno,Výroba
"POINT (15.5247157608925 50.4825181030683)",158.000000,Průmyslová plocha Heřmanice - Nová Paka,15.524716,50.482518,126100.00,573248.000000,R,N,V,Část pozemku pronajata společnosti pro zkušební vrt na geotermální čerpadlo.,Převážně vlastníkem město Nová Paka.,Bez zátěží.,Menší část - ochranné pásmo dráhy a ochranné pásmo vysokého napětí elektřiny (oba na okraji plochy) a ochranné pásmo plynovodu.,Bez ochrany.,Nová Paka,Nová Paka,5210.000000,Rozvojová,Nevyužíváno,Výroba
"POINT (15.5013527556571 50.4785138869537)",159.000000,Průmyslová plocha Vlkov - Nová Paka,15.501353,50.478514,51600.00,573248.000000,R,C,V,Zčásti zainvestováno.,"Částečně ve vlastnictví obce, zbytek pod smlouvou o budoucí kupní smlouvě s vlastníky pozemků.",Bez zátěží.,Bez limitů.,Bez ochrany.,Nová Paka,Nová Paka,5210.000000,Rozvojová,Částečně využíváno,Výroba
"POINT (16.0342763505465 50.3880067802248)",160.000000,Průmyslová zóna Česká Skalice 2,16.034276,50.388007,78786.00,573990.000000,R,N,V,Jeden podnik. Jinak zemědělská půda.,"Veřejné (0,6 ha Město Č.Sk.)/ soukromé (3,3 ha fyz. osoby, 2,2 ha ZD Dolany, 1,7 ha práv.osoby).",Bez zátěží.,Částečně v ochranném pásmu vodního zdroje.,Bez ochrany.,Česká Skalice,Náchod,5209.000000,Rozvojová,Nevyužíváno,Výroba
"POINT (16.2421168585764 50.501437731757)",161.000000,Investiční plocha Machov,16.242117,50.501438,19000.00,573884.000000,R,N,V,Zemědělská půda.,Soukromé.,Bez zátěží.,Areál je nutné po obvodu oddělit izolační zelení.,Bez ochrany.,Bezděkov nad Metují,Náchod,5209.000000,Rozvojová,Nevyužíváno,Výroba
"POINT (16.343151139852 50.5725338412996)",162.000000,Plocha výroby a skladování č. 47 - Broumov,16.343151,50.572534,50000.00,573922.000000,R,N,V,Zemědělská půda.,"6 x soukr. osoba, 1,7 ha vlastní právnická osoba.",Nezjištěno.,"Plocha je louka (trvalý travní porost dle KN), mezi silnicí č. 303 a tratí ČD o velikosti cca 100 x 500m. Přes plochu přechází vedení 35 kV =zdroj el.energie pro budoucí TS, kapacitní vodovodní řad Js 200 ve vzdálenosti 250m, vodovodní",Bez ochrany.,Broumov,Broumov,5201.000000,Rozvojová,Nevyužíváno,Výroba
"POINT (15.8949818925472 50.3546372353104)",163.000000,Plocha pro výrobu - Jaroměř,15.894982,50.354637,175000.00,574121.000000,R,N,V,Volné.,Soukromé (větší počet vlastníků).,Nezjištěno.,"Severozápadní strana plochy je limitována ochranným pásmem plánované dálnice - výjimku uděluje Ředitelství silnic a dálnic ČR, východně je umístěn pás ochranné zeleně, jihozápadně vede lokální biokoridor.",Bez ochrany.,Jaroměř,Jaroměř,5206.000000,Rozvojová,Nevyužíváno,Výroba
"POINT (16.1511445320552 50.2859231682146)",164.000000,Plocha pro výrobu - Dobruška,16.151145,50.285923,51000.00,576271.000000,R,N,V,Vybrané plochy jsou bez využití.,Převážně soukromé.,Nezjištěno.,"I. třída ochrany ZPF, zájmové území Armády ČR, ochranné pásmo elektrického vedení, CHOPAV Východočeská křída, záplavové území s periodicitou 100 let (Vd 3).",Bez ochrany.,Dobruška,Dobruška,5202.000000,Rozvojová,Nevyužíváno,Výroba
"POINT (16.2700094392114 50.1139216378699)",165.000000,Školní statek - Doudleby nad Orlicí,16.270009,50.113922,165000.00,576301.000000,R,N,V,Přítomnost nevyužitých objektů.,Soukromé.,Nezjištěno.,"Ochranné pásmo (budoucí silnice I/11, vysokotlak. plyn, elektro).",Bez ochrany.,Doudleby nad Orlicí,Kostelec nad Orlicí,5208.000000,Rozvojová,Nevyužíváno,Výroba
"POINT (16.2236540785163 50.1156953121368)",166.000000,"Průmyslové podniky, kapacitní sklady - Kostelec nad Orlicí",16.223654,50.115695,41300.00,576361.000000,R,N,V,Zatím zcela nevyužita.,"Smíšené - soukromé (9 vlastníků) 3,38 ha, veřejné 0,75 ha.",Bez zátěží.,"Ochranné pásmo železnice, ochranné pásmo vrchního vedení VN, Přírodní park Orlice, záplavové území Divoké Orlice.",Bez ochrany.,Kostelec nad Orlicí,Kostelec nad Orlicí,5208.000000,Rozvojová,Nevyužíváno,Výroba
"POINT (16.1380309664087 50.0865676083462)",167.000000,Plocha pro výrobu - Velká Čermná,16.138031,50.086568,75000.00,576131.000000,R,N,V,Zemědělská půda.,Veřejné / soukromé.,Bez zátěží.,Dle ÚPD obce.,Bez ochrany.,Borohrádek,Kostelec nad Orlicí,5208.000000,Rozvojová,Nevyužíváno,Výroba
"POINT (15.8902403946011 50.5711809317157)",168.000000,Průmyslová zóna Trutnov - Krkonošská,15.890240,50.571181,225000.00,579025.000000,R,C,V,Částečně zainvestováno.,"Veřejné (15 ha je ve vlastnictví města) / soukromé (7,5 ha).",Bez zátěží.,"Zastavitelnost území pozemními objekty je z 50-60%, 25% je určeno pro zeleň, 15-25% je pro komunikace a zpevněné plochy. Pro služby a obchod je možné vyčlenit max. 25% celkové plochy včetně zpevněných ploch pro zásobování a parkovišt",Bez ochrany.,Trutnov,Trutnov,5214.000000,Rozvojová,Částečně využíváno,Výroba
"POINT (15.9034699081227 50.5487811420427)",169.000000,Bojiště - Trutnov,15.903470,50.548781,114000.00,579025.000000,R,N,V,Nevyužito.,Více vlastníků.,Bez zátěží.,"	Pro lokalitu bude nutné zpracovat podrobnější územně plánovací podklad – urbanistickou studii, ve které budou detailně posouzeny nejen prostorové vztahy a vazby navrhovaného budoucího využití, ale i kapacitní potřeby tohoto využití",Bez ochrany.,Trutnov,Trutnov,5214.000000,Rozvojová,Nevyužíváno,Výroba
"POINT (15.9027883147425 50.5530931988318)",170.000000,Chmelnice - Trutnov,15.902788,50.553093,72500.00,579025.000000,R,N,V,Bez využití.,Více vlastníků.,Bez zátěží.,"Pro lokalitu bude nutné zpracovat podrobnější územně plánovací podklad – urbanistickou studii, ve které budou detailně posouzeny nejen prostorové vztahy a vazby navrhovaného budoucího využití, ale i kapacitní potřeby tohoto využití v",Bez ochrany.,Trutnov,Trutnov,5214.000000,Rozvojová,Nevyužíváno,Výroba
"POINT (15.8856008563211 50.5821303340314)",171.000000,Horní Staré Město - Trutnov,15.885601,50.582130,44000.00,579025.000000,R,N,V,Bez využití.,Více vlastníků.,Bez zátěží.,"Pro lokalitu bude nutné zpracovat podrobnější územně plánovací podklad – urbanistickou studii, ve které budou detailně posouzeny nejen prostorové vztahy a vazby navrhovaného budoucího využití, ale i kapacitní potřeby tohoto využití.",Bez ochrany.,Trutnov,Trutnov,5214.000000,Rozvojová,Nevyužíváno,Výroba
"POINT (15.9686592759392 50.5564848798946)",172.000000,Investiční plocha - Bohuslavice nad Úpou,15.968659,50.556485,55500.00,579025.000000,R,N,V,Bez využití.,Více vlastníků.,Nezjištěno.,"Pro lokalitu bude nutné zpracovat podrobnější územně plánovací podklad – urbanistickou studii, ve které budou detailně posouzeny nejen prostorové vztahy a vazby navrhovaného budoucího využití, ale i kapacitní potřeby tohoto využití.",Bez ochrany.,Trutnov,Trutnov,5214.000000,Rozvojová,Nevyužíváno,Výroba
"POINT (15.8931281512541 50.5569319854161)",173.000000,Volanov - Trutnov,15.893128,50.556932,44200.00,579025.000000,R,N,V,Bez využití.,Pozemkový fond ČR.,Bez zátěží.,"Pro lokalitu bude nutné zpracovat podrobnější územně plánovací podklad – urbanistickou studii, ve které budou detailně posouzeny nejen prostorové vztahy a vazby navrhovaného budoucího využití, ale i kapacitní potřeby tohoto využití v",Bez ochrany.,Trutnov,Trutnov,5214.000000,Rozvojová,Nevyužíváno,Výroba
"POINT (16.0723842396343 50.4937193282806)",174.000000,Průmyslová zóna Kostelecká ulice - Rtyně v Podkrkonoší,16.072384,50.493719,68000.00,573965.000000,R,N,V,Zemědělská půda.,"Veřejné 0,1 ha (Město Rtyně v P.) / soukromé (3 vlastníci).",Bez zátěží.,"Celé katastrální území Rtyně v Podkrkonoší je vyhlášeno jako ochranné pásmo vodního zdroje II. stupně, jinak bez omezení.",Bez ochrany.,Červený Kostelec,Náchod,5209.000000,Rozvojová,Nevyužíváno,Výroba
"POINT (15.8367294979378 50.4305264834798)",175.000000,Průmyslová zóna Zboží,15.836729,50.430526,120000.00,579203.000000,R,N,V,Bez využití.,Veřejné / soukromé.,Nezjištěno.,Dle ÚPD města.,Bez ochrany.,Dvůr Králové nad Labem,Dvůr Králové nad Labem,5203.000000,Rozvojová,Nevyužíváno,Výroba
"POINT (15.8050642601767 50.4163568768982)",176.000000,Průmyslová zóna Sylvárov,15.805064,50.416357,31800.00,579203.000000,R,N,V,Bez využití.,Veřejné.,Bez zátěží.,"Max. procento zastavění pozemku v centrálních částech města je až 50 %, přičemž musí být dodrženo min. 25 % plochy zeleně na pozemku, v ostatních případech 40 %, s min. plochou zeleně 35 %. Výškové omezení - v centrálních částe",Bez ochrany.,Dvůr Králové nad Labem,Dvůr Králové nad Labem,5203.000000,Rozvojová,Nevyužíváno,Výroba
"POINT (15.6637350417061 50.643813753292)",177.000000,Průmyslová zóna Kovársko - Lánov,15.663735,50.643814,150000.00,579432.000000,R,N,V,"Louka, les.",1/3 veřejné 2/3 soukromé - 3 vlastníci.,Bez zátěží.,"Zhruba 3 ha počítány na komunikace, ochranné pásmo - místní vodoteč, vedení vysokého napětí, plynovod - cca 2 ha, využitelných je tedy plocha 10 ha - nyní již 9 ha",Bez ochrany.,Lánov,Vrchlabí,5215.000000,Rozvojová,Nevyužíváno,Výroba
"POINT (15.74168083209 50.5238425161721)",178.000000,Dlouhá Louka - Hostinné,15.741681,50.523843,100000.00,579173.000000,R,N,V,Nevyužité (zemědělství).,Ve vlastnictví města.,Bez zátěží.,Dle ÚPD města.,Bez ochrany.,Dolní Olešnice,Trutnov,5214.000000,Rozvojová,Nevyužíváno,Výroba
"POINT (15.7011655044415 50.6088317736729)",179.000000,Investiční plocha E1 - Černý Důl,15.701166,50.608832,15000.00,579114.000000,R,N,V,Plocha je volná.,Soukromá.,Bez zátěží.,"Vedení VVN po okraji plochy. Maximální výška budov 7,5 m.",Bez ochrany.,Černý Důl,Vrchlabí,5215.000000,Rozvojová,Nevyužíváno,Výroba
"POINT (15.7111237357918 50.6094482631212)",180.000000,Investiční plocha E3 - Černý Důl,15.711124,50.609448,42000.00,579114.000000,R,N,V,Plocha je volná.,Soukromé (3 vlastníci).,Bez zátěží.,"Vedení VVN po okraji plochy. Maximální výška budov 7,5 m. Severní část plochy se nachází v ochranném pásmu KRNAP.",Bez ochrany.,Černý Důl,Vrchlabí,5215.000000,Rozvojová,Nevyužíváno,Výroba
"POINT (15.989485830161 50.2003701781211)",181.000000,Tovární areál Tanex a. s. - Třebechovice pod Orebem,15.989486,50.200370,421.00,571041.000000,B,N,V,Bez využití.,Soukromé.,Bez zátěží.,,Bez ochrany.,Třebechovice pod Orebem,Hradec Králové,5205.000000,Brownfield,Nevyužíváno,Výroba
"POINT (15.3982954804311 50.3367794230781)",182.000000,Zemědělský statek a zámeček Volanice,15.398295,50.336779,16000.00,573761.000000,B,N,O,Bez využití.,Obecní vlastnictví.,Bez zátěží.,Dle ÚPD.,Kulturní památka. Zapsáno na seznamu ohrožených památek.,Volanice,Jičín,5207.000000,Brownfield,Nevyužíváno,Občanská vybavenost
"POINT (15.8839463120929 50.5910765297427)",183.000000,Přádelna - ul. Horská - Trutnov,15.883946,50.591077,80000.00,579025.000000,B,N,O,Bez využití.,"Soukromé, bez omezení.",Bez zátěží.,"Ochrana podzemních a povrchových vod (ochranná pásma vodních zdrojů, chráněná oblast přirozené akumulace vod, záplavové území, ochranné pásmo přírodních léčivých zdrojů apod.). Ochrana zemědělského půdního fondu v lokalitě.",Bez ochrany.,Trutnov,Trutnov,5214.000000,Brownfield,Nevyužíváno,Občanská vybavenost
"POINT (15.9140189773049 50.6636755014427)",184.000000,Aleál bývalého Texlenu - Žacléř,15.914019,50.663676,21000.00,579874.000000,B,N,O,Bez využití.,Soukromé.,Lze předpokládat.,Dle ÚPD města.,Bez ochrany.,Žacléř,Trutnov,5214.000000,Brownfield,Nevyužíváno,Občanská vybavenost
"POINT (15.8247478942896 50.5576900587905)",185.000000,Konírna a sklady - Vlčice u Trutnova,15.824748,50.557690,11000.00,579599.000000,B,C,V,"Část zemědělství, ostatní bez využití.",Veřejné (pozemkový fond).,Lze předpokládat.,Dle ÚPD obce.,Bez ochrany.,Pilníkov,Trutnov,5214.000000,Brownfield,Částečně využíváno,Výroba
"POINT (15.6572540742487 50.6115133971417)",186.000000,Průmyslový areál Prostřední Lánov,15.657254,50.611513,5358.00,579165.000000,B,C,O,"Školní jídelna, bydlení, malá vodní elektrárna.",Kombinované (2 vlastníci).,Teoretická velmi malá potenciální kontaminace po továrním provozu.,"Ochrana podzemních a povrchových vod (ochranná pásma vodních zdrojů, chráněná oblast přirozené akumulace vod, záplavové území, ochranné pásmo přírodních léčivých zdrojů apod.). Východní okraj lokality (včetně budovy č.4) je v",Bez ochrany.,Dolní Lánov,Vrchlabí,5215.000000,Brownfield,Částečně využíváno,Občanská vybavenost
"POINT (16.0553211531477 50.4308768178769)",187.000000,areál ZD Žernov,16.055321,50.430877,200000.00,574708.000000,B,N,O,"V současnosti není lokalita využívána, je k ní velmi dobrý přístup po nové komunikaci mimo centrum obce.
","Většinu lokality vlastní ZD Žernov a dále 3 soukromí vlastníci. Vlastnické vztahy jsou řešitelné, obec Žernov je schopna aktivně spolupracovat! 
","Nejsou
",Ne,"Ochranné pásmo NKP
",Žernov,Náchod,5209.000000,Brownfield,Nevyužíváno,Občanská vybavenost
"POINT (16.0403696789181 50.2773026029464)",188.000000,České Meziříčí K 166 - areál bývalého kravína,16.040370,50.277303,10000.00,576212.000000,B,N,O,"žádné
","soukromý vlastník pozemku - předběžně domluven odkup obcí
budova ve vlastnictví akciové společnosti - předběžně domluven odkup obcí",,ne,ne,České Meziříčí,Dobruška,5202.000000,Brownfield,Nevyužíváno,Občanská vybavenost
"POINT (16.2581542585805 50.6265594447043)",189.000000,"Meziměstí, Školní ul. - objekt bývalé šamotky",16.258154,50.626559,21485.00,574252.000000,B,N,V,"V současné době objekt není využíván. V objektu probíhá demolice stávajících staveb, měla by být do konce roku 2015. Zůstane jen plocha pro výrobu","Není v majetku města. V současné době jeden soukromý vlastník, který chce do budoucna vytvořit plochu pro podnikání, určenou k prodeji.","Nejsou evidovány žádné ekologické zátěže.
","CHKO Broumovsko, daná lokalita je ale určena pro výrobu. CHKO nemá s tímto územím určeným pro další výrobu problémy.
",Ne,Meziměstí,Broumov,5201.000000,Brownfield,Nevyužíváno,Výroba
"POINT (16.1518370656842 50.3560244568214)",190.000000,Rozvojová plocha Nové Město nad Metují,16.151837,50.356024,30414.00,574279.000000,B,N,B,Nevyužíváno,"Rozvojová plocha je ve vlastnictví města Nové Město nad Metují.
",NE. Dle výsledků atmogeochemického měření lze celý prostor z pohledu výskytu připovrchového znečištění organickými látkami antropogenního původu označit bez nálezu.,"Ochranná pásma komunikací; ochranná pásma inženýrských sítí; limity vyplývající ze zákona o ochraně přírody a krajiny.
","NE. Řešená lokalita není kulturní památkou a nenachází se v chráněném památkovém území ani v jeho ochranném pásu.
",Nové Město nad Metují,Nové Město nad Metují,5211.000000,Brownfield,Nevyužíváno,Bydlení
"POINT (15.5801723165127 50.4262582419173)",191.000000,Zámek Lázně Bělohrad,15.580172,50.426258,1600.00,573094.000000,B,N,O,"Nyní bez využití, do roku 2010 internát SOU.
","Majitelem je obec
",Nejsou,NE,kulturní památka,Lázně Bělohrad,Jičín,5207.000000,Brownfield,Nevyužíváno,Občanská vybavenost
"POINT (15.8142672507295 50.3989739258903)",192.000000,Bývalý zemědělský areál - Libotov,15.814267,50.398974,30000.00,579190.000000,B,C,V,"Jedna budova vyžita jako kartonáž, ostatní buď prázdné nebo využívané na skladování surovin.
","Areál je v majetku firmy Karsit Agro, a.s., která však zamýšlí jeho prodej.
",,,,Dubenec,Dvůr Králové nad Labem,5203.000000,Brownfield,Částečně využíváno,Výroba
"POINT (15.721851005147 50.54012016765)",193.000000,Kotelna,15.721851,50.540120,339.00,579297.000000,B,N,V,V současné době bez využití,Patří obci,"Ekologická zátěž není evidována.
","Objekt se nenachází v ochranném pásmu.
","Objekt není památkově chráněn.
",Hostinné,Vrchlabí,5215.000000,Brownfield,Nevyužíváno,Výroba
"POINT (15.7398175963185 50.5361498419948)",194.000000,Areál bývalé slévárny,15.739818,50.536150,22549.00,579173.000000,B,N,V,"Současně je objekt bez využití.
","Vlastníkem areálu je město Hostinné
","Podlahy v hale jsou kontaminovány ropnými látkami.
","Objekt se nachází v ochranném pásmu drah.
","Objekt se nachází mimo památkovou zónu ani není památkově chráněn.
",Dolní Olešnice,Trutnov,5214.000000,Brownfield,Nevyužíváno,Výroba
"POINT (15.2815078052975 50.3400487927931)",195.000000,Kopidlno - průmyslová zóna Bažantnice,15.281508,50.340049,174000.00,573060.000000,R,N,V,"V současné době je plocha využívaná jako orná půda.
","Větší počet soukromých vlastníků.
",,,,Kopidlno,Jičín,5207.000000,Rozvojová,Nevyužíváno,Výroba
"POINT (15.2862976282018 50.3444946223752)",196.000000,Pševes - průmyslová zóna pod stráńkou,15.286298,50.344495,115000.00,573001.000000,R,N,V,"v současné době využíváno jako orná půda.
","Větší množství vlastníků.
","
",,,Jičíněves,Jičín,5207.000000,Rozvojová,Nevyužíváno,Výroba
"POINT (16.1666897834137 50.2889321748822)",197.000000,Z2.2 – K Rychnovu,16.166690,50.288932,36930.00,576271.000000,R,N,O,"V lokalitě jsou dvě malé zahrádky.
","Více vlastníku, malou část vlastní i město Dobruška.
",,"Ochranné pásmo 2b vodního zdroje Prameniště Litá, chráněná oblast přirozené akumulace vod Východočeská křída.
",,Dobruška,Dobruška,5202.000000,Rozvojová,Nevyužíváno,Občanská vybavenost
"POINT (16.1663183055669 50.2877648011303)",198.000000,Z2.28 – Solnická,16.166318,50.287765,16750.00,576271.000000,R,C,V,"Zahrádky, bývalý autobazar (střídavé různé využití), vydané územní rozhodnutí na provozovnu kovoobrábění s bytem vlastníka.
","Více vlastníků.
",,"Ochranné pásmo 2b vodního zdroje Prameniště Litá, chráněná oblast přirozené akumulace vod Východočeská křída.
",,Dobruška,Dobruška,5202.000000,Rozvojová,Částečně využíváno,Výroba
"POINT (16.154264944163 50.2850197585658)",199.000000,Z2.14 – U Jižního obchvatu,16.154265,50.285020,51620.00,576271.000000,R,N,V,"Nevyužíváno.
","Více vlastníku, malou část vlastní i město Dobruška, část vlastní sousední firma Materiál & Technology s.r.o., která chce pozemky využít.
",,"Chráněná oblast přirozené akumulace vod Východočeská křída.
",,Dobruška,Dobruška,5202.000000,Rozvojová,Nevyužíváno,Výroba
"POINT (16.1473705882078 50.2866148027553)",200.000000,Z2.9 – Na Poříčí I.,16.147371,50.286615,33880.00,576271.000000,R,N,V,"Nevyužito.
","Několik vlastníků, částečně i město Dobruška.
",,"Chráněná oblast přirozené akumulace vod Východočeská křída, na celou lokalitu zasahuje půda I. třídy ochrany zemědělského půdního fondu.
",,Dobruška,Dobruška,5202.000000,Rozvojová,Nevyužíváno,Výroba
"POINT (16.1419254868489 50.2946502821649)",201.000000,Z6.1 – Na Poříčí II.,16.141925,50.294650,21610.00,576271.000000,R,N,B,"Částečně využíváno jako zahrada.
","Více vlastníků.
",,"Chráněná oblast přirozené akumulace vod Východočeská křída, téměř na celou lokalitu zasahuje půda I. třídy ochrany zemědělského půdního fondu. Přes lokalitu vede vysoké napětí.
",,Dobruška,Dobruška,5202.000000,Rozvojová,Nevyužíváno,Bydlení
"POINT (16.1541465761635 50.2960694770319)",202.000000,Z2.13 – Za Belvederem,16.154147,50.296069,102050.00,576271.000000,R,N,B,"Na části zahrádky, jinak nevyužito.
","Komplikované majetkoprávní vztahy, mnoho vlastníků, část vlastní i město Dobruška.
",,"Chráněná oblast přirozené akumulace vod Východočeská křída.
",,Dobruška,Dobruška,5202.000000,Rozvojová,Nevyužíváno,Bydlení
"POINT (16.2031069686543 50.2916943721559)",203.000000,Z3.1 – Nad Domašínem,16.203107,50.291694,37390.00,576271.000000,R,N,B,"Část využívána jako zahrada.
","Více vlastníků.
",,"Ochranné pásmo 2b vodního zdroje Prameniště Litá, chráněná oblast přirozené akumulace vod Východočeská křída.
",,Dobruška,Dobruška,5202.000000,Rozvojová,Nevyužíváno,Bydlení
"POINT (16.1862388650593 50.1355974163424)",204.000000,Častolovice - Z1-BI,16.186239,50.135597,15472.00,576182.000000,R,N,B,"Orná půda
","Soukromý vlastník
",,,,Častolovice,Kostelec nad Orlicí,5208.000000,Rozvojová,Nevyužíváno,Bydlení
"POINT (16.1852991800153 50.1364517470572)",205.000000,Častolovice - Z2-BI,16.185299,50.136452,14093.00,576182.000000,R,N,B,,"Soukromý vlastník
",,,,Častolovice,Kostelec nad Orlicí,5208.000000,Rozvojová,Nevyužíváno,Bydlení
"POINT (16.1878789615178 50.1357173014569)",206.000000,Častolovice - Z5-BI,16.187879,50.135717,11977.00,576182.000000,R,N,B,,"Soukromý vlastník
",,,,Častolovice,Kostelec nad Orlicí,5208.000000,Rozvojová,Nevyužíváno,Bydlení
"POINT (16.1752169593959 50.133596552429)",207.000000,Častolovice - Z10-BI,16.175217,50.133597,77609.00,576182.000000,R,N,B,,"Obec + soukromý vlastník
",,,,Častolovice,Kostelec nad Orlicí,5208.000000,Rozvojová,Nevyužíváno,Bydlení
"POINT (16.1730874561647 50.1316306571052)",208.000000,Častolovice - Z11-BI,16.173087,50.131631,15234.00,576182.000000,R,N,B,,"Soukromý vlastník
",,,,Častolovice,Kostelec nad Orlicí,5208.000000,Rozvojová,Nevyužíváno,Bydlení
"POINT (16.1825770094063 50.1297188899149)",209.000000,Častolovice - P4-SC,16.182577,50.129719,3569.00,576182.000000,R,N,B,,"Městys Častolovice
",,,,Častolovice,Kostelec nad Orlicí,5208.000000,Rozvojová,Nevyužíváno,Bydlení
"POINT (16.1841829541672 50.1290761841137)",210.000000,Častolovice - P5-SC,16.184183,50.129076,1857.00,576182.000000,R,C,O,,"Městys Častolovice
",,,,Častolovice,Kostelec nad Orlicí,5208.000000,Rozvojová,Částečně využíváno,Občanská vybavenost
