,návaznost,linka,spoj,dopravce,tč,příjezd,čeká,odjezd,zastávka,vyčká (min),typ,linka ,spoj ,dopravce ,z/doZast,nav.čas,časDoSetkání (min),typ výstupu
62,navazuje,610002,3,"508/1 CAR - TOUR spol. s r.o., Pohřebačka 182, 533 45 Opatovice nad Labem, Pohřebačka 182, 533 45 Opatovice nad Labem",22,14:25,,14:25,"Jičín,aut.st.",,A,630002,3,"508/1 CAR - TOUR spol. s r.o., Pohřebačka 182, 533 45 Opatovice nad Labem, Pohřebačka 182, 533 45 Opatovice nad Labem","Mladá Boleslav,,Aut.st. (přímý vůz)",14:35,10,Tisk na JŘ+převod do strojků USVC
63,navazuje,610010,13,"501/70 ARRIVA VÝCHODNÍ ČECHY a.s., , provozní oblast Nové Město nad Metují",22,18:02,,18:02,"Hořiněves,hospoda u Šáfrů",,A,610210,1,"501/70 ARRIVA VÝCHODNÍ ČECHY a.s., , provozní oblast Nové Město nad Metují","Jaroměř,,žel.st. (přímý vůz)",18:03,1,Tisk na JŘ+převod do strojků USVC
78,navazuje,610030,31,"501/10 ARRIVA VÝCHODNÍ ČECHY a.s., , provozní oblast Hradec Králové",16,15:25,,15:25,"Nechanice,nám.",,A,610050,14,"501/10 ARRIVA VÝCHODNÍ ČECHY a.s., , provozní oblast Hradec Králové","Hradec Králové,,Terminál HD (přímý vůz)",15:30,5,Tisk na JŘ+převod do strojků USVC
81,navazuje,610030,10,"501/10 ARRIVA VÝCHODNÍ ČECHY a.s., , provozní oblast Hradec Králové",20,11:19,,11:19,"Měník,Libeň",,A,610030,7,"501/10 ARRIVA VÝCHODNÍ ČECHY a.s., , provozní oblast Hradec Králové","Nový Bydžov,,Terminál (přímý vůz)",11:19,0,Tisk na JŘ+převod do strojků USVC
92,navazuje,610040,7,"501/10 ARRIVA VÝCHODNÍ ČECHY a.s., , provozní oblast Hradec Králové",12,6:59,,6:59,"Nechanice,nám.",,A,610050,20,"501/10 ARRIVA VÝCHODNÍ ČECHY a.s., , provozní oblast Hradec Králové",Boharyně (přímý vůz),7:00,1,Tisk na JŘ+převod do strojků USVC
94,navazuje,610050,19,"501/10 ARRIVA VÝCHODNÍ ČECHY a.s., , provozní oblast Hradec Králové",26,6:39,,6:39,Boharyně,,A,610050,6,"501/10 ARRIVA VÝCHODNÍ ČECHY a.s., , provozní oblast Hradec Králové","Hradec Králové,,Terminál HD (přímý vůz)",6:40,1,Tisk na JŘ+převod do strojků USVC
99,navazuje,610050,20,"501/10 ARRIVA VÝCHODNÍ ČECHY a.s., , provozní oblast Hradec Králové",26,7:08,,7:08,Boharyně,,A,610161,5,"501/10 ARRIVA VÝCHODNÍ ČECHY a.s., , provozní oblast Hradec Králové",Kosiček (přímý vůz),7:08,0,Tisk na JŘ+převod do strojků USVC
101,navazuje,610061,8,"559/1 AP Tour - dopravní spol. s r.o., Humburky 1, 504 01 Nový Bydžov, Humburky 1, 504 01 Nový Bydžov",32,7:13,,7:13,"Měník,Barchůvek,st.statek",,A,610061,7,"559/1 AP Tour - dopravní spol. s r.o., Humburky 1, 504 01 Nový Bydžov, Humburky 1, 504 01 Nový Bydžov","Nový Bydžov,,Terminál (přímý vůz)",7:13,0,Tisk na JŘ+převod do strojků USVC
141,navazuje,610160,3,"501/10 ARRIVA VÝCHODNÍ ČECHY a.s., , provozní oblast Hradec Králové",23,8:48,,8:48,"Nechanice,nám.",,A,610050,10,"501/10 ARRIVA VÝCHODNÍ ČECHY a.s., , provozní oblast Hradec Králové",Puchlovic (přímý vůz),8:50,2,Tisk na JŘ+převod do strojků USVC
143,navazuje,610161,5,"501/10 ARRIVA VÝCHODNÍ ČECHY a.s., , provozní oblast Hradec Králové",27,7:18,,7:18,Kosičky,,A,610550,9,"501/10 ARRIVA VÝCHODNÍ ČECHY a.s., , provozní oblast Hradec Králové","Chlumec nad Cidlinou,,žel.st. (přímý vůz)",7:18,0,Tisk na JŘ+převod do strojků USVC
198,navazuje,610230,3,"559/1 AP Tour - dopravní spol. s r.o., Humburky 1, 504 01 Nový Bydžov, Humburky 1, 504 01 Nový Bydžov",24,7:00,,7:00,"Nechanice,nám.",,A,610250,2,"559/1 AP Tour - dopravní spol. s r.o., Humburky 1, 504 01 Nový Bydžov, Humburky 1, 504 01 Nový Bydžov","Hradec Králové,,Terminál HD (přímý vůz)",7:05,5,Převod do strojků USVC
200,navazuje,610260,5,"559/1 AP Tour - dopravní spol. s r.o., Humburky 1, 504 01 Nový Bydžov, Humburky 1, 504 01 Nový Bydžov",19,6:20,,6:20,"Chlumec n.Cidl.,Sokolovna",,A,610280,1,"559/1 AP Tour - dopravní spol. s r.o., Humburky 1, 504 01 Nový Bydžov, Humburky 1, 504 01 Nový Bydžov","Nový Bydžov,,u Hvězdy (přímý vůz)",6:20,0,Převod do strojků USVC
211,navazuje,610280,1,"559/1 AP Tour - dopravní spol. s r.o., Humburky 1, 504 01 Nový Bydžov, Humburky 1, 504 01 Nový Bydžov",17,6:59,,6:59,"Nový Bydžov,Terminál",,A,610061,8,"559/1 AP Tour - dopravní spol. s r.o., Humburky 1, 504 01 Nový Bydžov, Humburky 1, 504 01 Nový Bydžov","Měník,Barchůvek,st.statek",6:59,0,Převod do strojků USVC
221,navazuje,610510,1,"112/4 Okresní autobusová doprava Kolín, s.r.o.,Kolín IV,Polepská 867, Polepská 867, 280 02 Kolín, středisko Městec Králové",6,14:09,,14:09,"Zdechovice,obec",,A,610510,2,"112/4 Okresní autobusová doprava Kolín, s.r.o.,Kolín IV,Polepská 867, Polepská 867, 280 02 Kolín, středisko Městec Králové","Nový Bydžov,,Terminál (přímý vůz)",14:10,1,Tisk na JŘ+převod do strojků USVC
222,navazuje,610540,6,"501/10 ARRIVA VÝCHODNÍ ČECHY a.s., , provozní oblast Hradec Králové",1,7:09,,7:09,"Chlumec n.Cidl.,Sokolovna",,A,610570,3,"501/10 ARRIVA VÝCHODNÍ ČECHY a.s., , provozní oblast Hradec Králové",Káranice (přímý vůz),7:10,1,Tisk na JŘ+převod do strojků USVC
266,navazuje,630025,7,"501/80 ARRIVA VÝCHODNÍ ČECHY a.s., , provozní oblast Svoboda nad Úpou",13,13:40,,13:40,"Pecka,nám.",,A,690540,21,"501/80 ARRIVA VÝCHODNÍ ČECHY a.s., , provozní oblast Svoboda nad Úpou",Nová Paka (přímý vůz),13:44,4,Tisk na JŘ+převod do strojků USVC
291,navazuje,630049,5,"7/2 BusLine KHK s.r.o.,Na Rovinkách 211,Semily, Na Rovinkách 211, Semily, stř. Hořice",21,6:56,,6:56,Zdobín,,A,630049,8,"7/2 BusLine KHK s.r.o.,Na Rovinkách 211,Semily, Na Rovinkách 211, Semily, stř. Hořice",Jičín (přímý vůz),6:57,1,Převod do strojků USVC
297,navazuje,630049,6,"7/2 BusLine KHK s.r.o.,Na Rovinkách 211,Semily, Na Rovinkách 211, Semily, stř. Hořice",1,6:49,,6:49,"Lázně Bělohrad,nám.",,A,630076,12,"7/1 BusLine KHK s.r.o.,Na Rovinkách 211,Semily, Na Rovinkách 211, Semily, stř. Jičín",Jičín (přímý vůz),7:00,11,Tisk na JŘ+převod do strojků USVC
300,navazuje,630049,100,"7/2 BusLine KHK s.r.o.,Na Rovinkách 211,Semily, Na Rovinkách 211, Semily, stř. Hořice",1,6:30,,6:30,"Lázně Bělohrad,nám.",,A,630076,100,"7/1 BusLine KHK s.r.o.,Na Rovinkách 211,Semily, Na Rovinkách 211, Semily, stř. Jičín",Jičín (přímý vůz),6:35,5,Tisk na JŘ+převod do strojků USVC
301,navazuje,630049,102,"7/2 BusLine KHK s.r.o.,Na Rovinkách 211,Semily, Na Rovinkách 211, Semily, stř. Hořice",1,10:40,,10:40,"Lázně Bělohrad,nám.",,A,630076,102,"7/1 BusLine KHK s.r.o.,Na Rovinkách 211,Semily, Na Rovinkách 211, Semily, stř. Jičín",Jičín (přímý vůz),10:50,10,Tisk na JŘ+převod do strojků USVC
302,navazuje,630050,5,"7/2 BusLine KHK s.r.o.,Na Rovinkách 211,Semily, Na Rovinkách 211, Semily, stř. Hořice",22,13:25,,13:25,"Sovětice,váha",,A,630050,8,"7/2 BusLine KHK s.r.o.,Na Rovinkách 211,Semily, Na Rovinkách 211, Semily, stř. Hořice","Hořice,,aut.st. (přímý vůz)",13:25,0,Tisk na JŘ+převod do strojků USVC
303,navazuje,630050,7,"7/2 BusLine KHK s.r.o.,Na Rovinkách 211,Semily, Na Rovinkách 211, Semily, stř. Hořice",22,15:40,,15:40,"Sovětice,váha",,A,630050,10,"7/2 BusLine KHK s.r.o.,Na Rovinkách 211,Semily, Na Rovinkách 211, Semily, stř. Hořice","Hořice,,aut.st. (přímý vůz)",15:43,3,Tisk na JŘ+převod do strojků USVC
3,navazuje,630050,13,"7/2 BusLine KHK s.r.o.,Na Rovinkách 211,Semily, Na Rovinkách 211, Semily, stř. Hořice",18,16:51,,16:51,"Cerekvice n.Bystř.,na návsi",,A,630050,14,"7/2 BusLine KHK s.r.o.,Na Rovinkách 211,Semily, Na Rovinkách 211, Semily, stř. Hořice","Hořice,,aut.st. (přímý vůz)",16:53,2,Tisk na JŘ+převod do strojků USVC
314,navazuje,630063,5,"7/1 BusLine KHK s.r.o.,Na Rovinkách 211,Semily, Na Rovinkách 211, Semily, stř. Jičín",22,6:53,,6:53,"Rokytňany,Dolní Rokytňany",,A,630063,8,"7/1 BusLine KHK s.r.o.,Na Rovinkách 211,Semily, Na Rovinkách 211, Semily, stř. Jičín","Libáň,,aut.st. (přímý vůz)",6:55,2,Tisk na JŘ+převod do strojků USVC
364,navazuje,630078,7,"7/1 BusLine KHK s.r.o.,Na Rovinkách 211,Semily, Na Rovinkách 211, Semily, stř. Jičín",34,6:27,,6:27,Volanice,,A,630078,10,"7/1 BusLine KHK s.r.o.,Na Rovinkách 211,Semily, Na Rovinkách 211, Semily, stř. Jičín","Jičín,,aut.st. (přímý vůz)",6:30,3,Tisk na JŘ+převod do strojků USVC
365,navazuje,630078,17,"7/1 BusLine KHK s.r.o.,Na Rovinkách 211,Semily, Na Rovinkách 211, Semily, stř. Jičín",32,15:20,,15:20,"Vysoké Veselí,nám.",,A,630078,20,"7/1 BusLine KHK s.r.o.,Na Rovinkách 211,Semily, Na Rovinkách 211, Semily, stř. Jičín","Vysoké Veselí,,nám. (přímý vůz)",15:20,0,Převod do strojků USVC
366,navazuje,630078,55,"7/1 BusLine KHK s.r.o.,Na Rovinkách 211,Semily, Na Rovinkách 211, Semily, stř. Jičín",32,6:19,,6:19,"Vysoké Veselí,nám.",,A,630078,88,"7/1 BusLine KHK s.r.o.,Na Rovinkách 211,Semily, Na Rovinkách 211, Semily, stř. Jičín","Jičín,,aut.st. (přímý vůz)",6:23,4,Převod do strojků USVC
369,navazuje,630078,20,"7/1 BusLine KHK s.r.o.,Na Rovinkách 211,Semily, Na Rovinkách 211, Semily, stř. Jičín",25,15:34,,15:34,"Vysoké Veselí,nám.",,A,630078,19,"7/1 BusLine KHK s.r.o.,Na Rovinkách 211,Semily, Na Rovinkách 211, Semily, stř. Jičín",Volanice (přímý vůz),15:34,0,Převod do strojků USVC
370,navazuje,630079,1,"7/1 BusLine KHK s.r.o.,Na Rovinkách 211,Semily, Na Rovinkách 211, Semily, stř. Jičín",24,6:22,,6:22,Markvartice,,A,630079,10,"7/1 BusLine KHK s.r.o.,Na Rovinkách 211,Semily, Na Rovinkách 211, Semily, stř. Jičín","Jičín,,aut.st. (přímý vůz)",6:29,7,Tisk na JŘ+převod do strojků USVC
371,navazuje,630079,17,"7/1 BusLine KHK s.r.o.,Na Rovinkách 211,Semily, Na Rovinkách 211, Semily, stř. Jičín",24,13:45,,13:45,Markvartice,,A,630079,22,"7/1 BusLine KHK s.r.o.,Na Rovinkách 211,Semily, Na Rovinkách 211, Semily, stř. Jičín","Jičín,,aut.st. (přímý vůz)",13:45,0,Tisk na JŘ+převod do strojků USVC
372,navazuje,630079,19,"7/1 BusLine KHK s.r.o.,Na Rovinkách 211,Semily, Na Rovinkách 211, Semily, stř. Jičín",20,15:06,,15:06,"Markvartice,Příchvoj",,A,630079,24,"7/1 BusLine KHK s.r.o.,Na Rovinkách 211,Semily, Na Rovinkách 211, Semily, stř. Jičín","Jičín,,aut.st. (přímý vůz)",15:10,4,Tisk na JŘ+převod do strojků USVC
374,navazuje,630079,20,"7/1 BusLine KHK s.r.o.,Na Rovinkách 211,Semily, Na Rovinkách 211, Semily, stř. Jičín",27,12:40,,12:40,"Zelenecká Lhota,křiž.",,A,630079,15,"7/1 BusLine KHK s.r.o.,Na Rovinkách 211,Semily, Na Rovinkách 211, Semily, stř. Jičín","Libáň,,nám. (přímý vůz)",12:40,0,Tisk na JŘ+převod do strojků USVC
375,navazuje,630079,32,"7/1 BusLine KHK s.r.o.,Na Rovinkách 211,Semily, Na Rovinkách 211, Semily, stř. Jičín",27,7:28,,7:28,"Zelenecká Lhota,křiž.",,A,630079,31,"7/1 BusLine KHK s.r.o.,Na Rovinkách 211,Semily, Na Rovinkách 211, Semily, stř. Jičín","Libáň,,nám. (přímý vůz)",7:28,0,Tisk na JŘ+převod do strojků USVC
377,navazuje,630083,15,"7/1 BusLine KHK s.r.o.,Na Rovinkách 211,Semily, Na Rovinkách 211, Semily, stř. Jičín",17,14:08,,14:08,"Kopidlno,nám.",,A,630083,18,"7/1 BusLine KHK s.r.o.,Na Rovinkách 211,Semily, Na Rovinkách 211, Semily, stř. Jičín","Jičín,,aut.st. (přímý vůz)",14:10,2,Tisk na JŘ+převod do strojků USVC
396,navazuje,630093,7,"7/1 BusLine KHK s.r.o.,Na Rovinkách 211,Semily, Na Rovinkách 211, Semily, stř. Jičín",24,14:00,,14:00,"Újezd p.Tr.,Hrdoňovice,záv.",,A,630093,10,"7/1 BusLine KHK s.r.o.,Na Rovinkách 211,Semily, Na Rovinkách 211, Semily, stř. Jičín","Jičín,,aut.st. (přímý vůz)",14:10,10,Tisk na JŘ+převod do strojků USVC
397,navazuje,630095,5,"7/1 BusLine KHK s.r.o.,Na Rovinkách 211,Semily, Na Rovinkách 211, Semily, stř. Jičín",23,7:01,,7:01,"Kyje,obec",,A,630095,8,"7/1 BusLine KHK s.r.o.,Na Rovinkách 211,Semily, Na Rovinkách 211, Semily, stř. Jičín","Jičín,,aut.st. (přímý vůz)",7:02,1,Tisk na JŘ+převod do strojků USVC
398,navazuje,630095,7,"7/1 BusLine KHK s.r.o.,Na Rovinkách 211,Semily, Na Rovinkách 211, Semily, stř. Jičín",10,7:09,,7:09,Dřevěnice,,A,630095,10,"7/1 BusLine KHK s.r.o.,Na Rovinkách 211,Semily, Na Rovinkách 211, Semily, stř. Jičín","Radim, Valdice a Jičín,,aut.st. (přímý vůz)",7:11,2,Tisk na JŘ+převod do strojků USVC
399,navazuje,630095,15,"7/1 BusLine KHK s.r.o.,Na Rovinkách 211,Semily, Na Rovinkách 211, Semily, stř. Jičín",10,12:58,,12:58,Dřevěnice,,A,630095,18,"7/1 BusLine KHK s.r.o.,Na Rovinkách 211,Semily, Na Rovinkách 211, Semily, stř. Jičín","Jičín,,aut.st. (přímý vůz)",13:01,3,Tisk na JŘ+převod do strojků USVC
400,navazuje,630095,17,"7/1 BusLine KHK s.r.o.,Na Rovinkách 211,Semily, Na Rovinkách 211, Semily, stř. Jičín",16,14:07,,14:07,Železnice,,A,630095,20,"7/1 BusLine KHK s.r.o.,Na Rovinkách 211,Semily, Na Rovinkách 211, Semily, stř. Jičín","Jičín,,aut.st. (přímý vůz)",14:08,1,Tisk na JŘ+převod do strojků USVC
401,navazuje,630095,19,"7/1 BusLine KHK s.r.o.,Na Rovinkách 211,Semily, Na Rovinkách 211, Semily, stř. Jičín",23,15:27,,15:27,"Kyje,obec",,A,630095,22,"7/1 BusLine KHK s.r.o.,Na Rovinkách 211,Semily, Na Rovinkách 211, Semily, stř. Jičín","Jičín,,aut.st. (přímý vůz)",15:28,1,Tisk na JŘ+převod do strojků USVC
402,navazuje,630095,21,"7/1 BusLine KHK s.r.o.,Na Rovinkách 211,Semily, Na Rovinkách 211, Semily, stř. Jičín",10,15:58,,15:58,Dřevěnice,,A,630095,24,"7/1 BusLine KHK s.r.o.,Na Rovinkách 211,Semily, Na Rovinkách 211, Semily, stř. Jičín","Jičín,,aut.st. (přímý vůz)",16:00,2,Tisk na JŘ+převod do strojků USVC
403,navazuje,630095,23,"7/2 BusLine KHK s.r.o.,Na Rovinkách 211,Semily, Na Rovinkách 211, Semily, stř. Hořice",10,16:58,,16:58,Dřevěnice,,A,630095,26,"7/2 BusLine KHK s.r.o.,Na Rovinkách 211,Semily, Na Rovinkách 211, Semily, stř. Hořice","Jičín,,aut.st. (přímý vůz)",17:00,2,Tisk na JŘ+převod do strojků USVC
404,navazuje,630095,55,"7/1 BusLine KHK s.r.o.,Na Rovinkách 211,Semily, Na Rovinkách 211, Semily, stř. Jičín",23,7:01,,7:01,"Kyje,obec",,A,630095,6,"7/1 BusLine KHK s.r.o.,Na Rovinkách 211,Semily, Na Rovinkách 211, Semily, stř. Jičín","Jičín,,aut.st. (přímý vůz)",7:02,1,Tisk na JŘ+převod do strojků USVC
408,navazuje,630508,2,"501/10 ARRIVA VÝCHODNÍ ČECHY a.s., , provozní oblast Hradec Králové",1,4:40,,4:40,"Vysoké Veselí,nám.",,A,610610,2,"501/10 ARRIVA VÝCHODNÍ ČECHY a.s., , provozní oblast Hradec Králové","Nový Bydžov,,Terminál",4:41,1,Převod do strojků USVC
725,navazuje,650620,9,"501/30 ARRIVA VÝCHODNÍ ČECHY a.s., , provozní oblast Chrudim",23,6:57,,6:57,"Lázně Bohdaneč,aut.nádr.",,A,650637,1,"501/30 ARRIVA VÝCHODNÍ ČECHY a.s., , provozní oblast Chrudim",Chlumec n. Cidlinou,6:58,1,Převod do strojků USVC
1,navazuje,610010,13,"501/70 ARRIVA VÝCHODNÍ ČECHY a.s., , provozní oblast Nové Město nad Metují",22,18:02,,18:02,"Hořiněves,hospoda u Šáfrů",,A,610210,1,"501/70 ARRIVA VÝCHODNÍ ČECHY a.s., , provozní oblast Nové Město nad Metují","Jaroměř,,žel.st. (přímý vůz)",18:03,1,Tisk na JŘ+převod do strojků USVC
2,navazuje,610020,7,"501/70 ARRIVA VÝCHODNÍ ČECHY a.s., , provozní oblast Nové Město nad Metují",14,9:35,,9:35,"Hořiněves,hospoda u Šáfrů",,A,610210,9,"501/70 ARRIVA VÝCHODNÍ ČECHY a.s., , provozní oblast Nové Město nad Metují",Jaroměře,9:36,1,Tisk na JŘ+převod do strojků USVC
4,navazuje,610020,17,"501/10 ARRIVA VÝCHODNÍ ČECHY a.s., , provozní oblast Hradec Králové",14,19:35,,19:35,"Hořiněves,hospoda u Šáfrů",,A,610210,37,"501/10 ARRIVA VÝCHODNÍ ČECHY a.s., , provozní oblast Hradec Králové",Račic n.Trotinou (přímý vůz),19:36,1,Tisk na JŘ+převod do strojků USVC
5,navazuje,610020,101,"501/10 ARRIVA VÝCHODNÍ ČECHY a.s., , provozní oblast Hradec Králové",14,10:33,,10:33,"Hořiněves,hospoda u Šáfrů",,A,610210,101,"501/10 ARRIVA VÝCHODNÍ ČECHY a.s., , provozní oblast Hradec Králové",Smiřic (přímý vůz),10:34,1,Tisk na JŘ+převod do strojků USVC
6,navazuje,610020,103,"501/10 ARRIVA VÝCHODNÍ ČECHY a.s., , provozní oblast Hradec Králové",14,13:33,,13:33,"Hořiněves,hospoda u Šáfrů",,A,610210,103,"501/10 ARRIVA VÝCHODNÍ ČECHY a.s., , provozní oblast Hradec Králové",Habřiny (přímý vůz),13:34,1,Tisk na JŘ+převod do strojků USVC
7,navazuje,610020,105,"501/70 ARRIVA VÝCHODNÍ ČECHY a.s., , provozní oblast Nové Město nad Metují",14,18:33,,18:33,"Hořiněves,hospoda u Šáfrů",,A,610210,107,"501/70 ARRIVA VÝCHODNÍ ČECHY a.s., , provozní oblast Nové Město nad Metují",Habřiny (přímý vůz),18:34,1,Tisk na JŘ+převod do strojků USVC
16,navazuje,610115,8,"512/1 KAD,spol. s r.o. Krkonošská automobilová doprava Vrchlabí, Vápenická 475, VRCHLABÍ",1,7:42,,7:42,"Třebechovice p.Oreb.,škola",,A,610115,1,"512/1 KAD,spol. s r.o. Krkonošská automobilová doprava Vrchlabí, Vápenická 475, VRCHLABÍ",Hradec Králové (přímý vůz),,3,Tisk na JŘ+převod do strojků USVC
29,navazuje,610140,24,"501/70 ARRIVA VÝCHODNÍ ČECHY a.s., , provozní oblast Nové Město nad Metují",13,19:21,,19:21,"Jaroměř,žel.st.",,A,640437,31,"501/70 ARRIVA VÝCHODNÍ ČECHY a.s., , provozní oblast Nové Město nad Metují",Velichovky,,9,Tisk na JŘ
40,navazuje,610180,8,"501/10 ARRIVA VÝCHODNÍ ČECHY a.s., , provozní oblast Hradec Králové",8,15:47,,15:47,"Jaroměř,žel.st.",,A,640017,1,"501/10 ARRIVA VÝCHODNÍ ČECHY a.s., , provozní oblast Hradec Králové","Rychnovek,Zvole,Na Váze (přímý vůz)",,3,Tisk na JŘ+převod do strojků USVC
48,navazuje,610180,100,"501/10 ARRIVA VÝCHODNÍ ČECHY a.s., , provozní oblast Hradec Králové",8,9:37,,9:37,"Jaroměř,žel.st.",,A,640437,101,"501/10 ARRIVA VÝCHODNÍ ČECHY a.s., , provozní oblast Hradec Králové",Velichovky (přímý vůz),,9,Tisk na JŘ+převod do strojků USVC
49,navazuje,610180,102,"501/10 ARRIVA VÝCHODNÍ ČECHY a.s., , provozní oblast Hradec Králové",8,13:37,,13:37,"Jaroměř,žel.st.",,A,640437,103,"501/10 ARRIVA VÝCHODNÍ ČECHY a.s., , provozní oblast Hradec Králové",Velichovky (přímý vůz),,9,Tisk na JŘ+převod do strojků USVC
50,navazuje,610180,104,"501/10 ARRIVA VÝCHODNÍ ČECHY a.s., , provozní oblast Hradec Králové",8,17:37,,17:37,"Jaroměř,žel.st.",,A,640437,105,"501/10 ARRIVA VÝCHODNÍ ČECHY a.s., , provozní oblast Hradec Králové",Velichovky (přímý vůz),,9,Tisk na JŘ+převod do strojků USVC
72,navazuje,610210,2,"501/70 ARRIVA VÝCHODNÍ ČECHY a.s., , provozní oblast Nové Město nad Metují",1,4:38,,4:38,"Hořiněves,hospoda u Šáfrů",,A,610010,2,"501/70 ARRIVA VÝCHODNÍ ČECHY a.s., , provozní oblast Nové Město nad Metují","Hradec Králové,,Terminál HD (přímý vůz)",4:39,2,Tisk na JŘ+převod do strojků USVC
76,navazuje,610210,100,"501/70 ARRIVA VÝCHODNÍ ČECHY a.s., , provozní oblast Nové Město nad Metují",1,7:24,,7:24,"Hořiněves,hospoda u Šáfrů",,A,610020,100,"501/70 ARRIVA VÝCHODNÍ ČECHY a.s., , provozní oblast Nové Město nad Metují","Hradec Králové,,Terminál HD (přímý vůz)",7:27,3,Tisk na JŘ+převod do strojků USVC
77,navazuje,610210,112,"501/10 ARRIVA VÝCHODNÍ ČECHY a.s., , provozní oblast Hradec Králové",1,11:24,,11:24,"Hořiněves,hospoda u Šáfrů",,A,610020,102,"501/10 ARRIVA VÝCHODNÍ ČECHY a.s., , provozní oblast Hradec Králové","Hradec Králové,,Terminál HD (přímý vůz)",11:27,3,Tisk na JŘ+převod do strojků USVC
78,navazuje,610210,114,"501/10 ARRIVA VÝCHODNÍ ČECHY a.s., , provozní oblast Hradec Králové",1,15:24,,15:24,"Hořiněves,hospoda u Šáfrů",,A,610020,104,"501/10 ARRIVA VÝCHODNÍ ČECHY a.s., , provozní oblast Hradec Králové","Hradec Králové,,Terminál HD (přímý vůz)",15:27,3,Tisk na JŘ+převod do strojků USVC
81,navazuje,640023,101,"501/70 ARRIVA VÝCHODNÍ ČECHY a.s., , provozní oblast Nové Město nad Metují",21,22:47,,22:47,"Nové Město n.Met.,Na Rychtě",,A,640025,123,"501/70 ARRIVA VÝCHODNÍ ČECHY a.s., , provozní oblast Nové Město nad Metují",Dobruška,,1,Tisk na JŘ+převod do strojků USVC
87,navazuje,640025,18,"501/70 ARRIVA VÝCHODNÍ ČECHY a.s., , provozní oblast Nové Město nad Metují",6,14:33,,14:33,"Nové Město n.Met.,Náchodská",,A,640026,13,"501/70 ARRIVA VÝCHODNÍ ČECHY a.s., , provozní oblast Nové Město nad Metují","Deštné v Orl.h.,Zákoutí hot.Orlice",,0,Tisk na JŘ+převod do strojků USVC
89,navazuje,640025,102,"501/70 ARRIVA VÝCHODNÍ ČECHY a.s., , provozní oblast Nové Město nad Metují",3,5:10,,5:10,"Nové Město n.Met.,Na Rychtě",,A,640023,102,"501/70 ARRIVA VÝCHODNÍ ČECHY a.s., , provozní oblast Nové Město nad Metují",Náchod,,2,Tisk na JŘ+převod do strojků USVC
159,navazuje,640027,2,"501/70 ARRIVA VÝCHODNÍ ČECHY a.s., , provozní oblast Nové Město nad Metují",2,5:25,,5:25,"Nové Město n.Met.,žel.st.",,A,660046,3,"501/70 ARRIVA VÝCHODNÍ ČECHY a.s., , provozní oblast Nové Město nad Metují",Náchod (přímý vůz),,0,Tisk na JŘ+převod do strojků USVC
162,navazuje,640030,1,"501/70 ARRIVA VÝCHODNÍ ČECHY a.s., , provozní oblast Nové Město nad Metují",18,5:23,,5:23,"Jaroměř,aut.st.",,A,660060,4,"501/70 ARRIVA VÝCHODNÍ ČECHY a.s., , provozní oblast Nové Město nad Metují","Jaroměř,,žel.st. - Dobruška (přímý vůz)",,2,Tisk na JŘ+převod do strojků USVC
168,navazuje,640030,15,"501/70 ARRIVA VÝCHODNÍ ČECHY a.s., , provozní oblast Nové Město nad Metují",18,15:23,,15:23,"Jaroměř,aut.st.",,A,660060,20,"501/70 ARRIVA VÝCHODNÍ ČECHY a.s., , provozní oblast Nové Město nad Metují","Jaroměř,,žel.st. - Dobruška (přímý vůz)",,2,Tisk na JŘ+převod do strojků USVC
171,navazuje,640030,19,"501/70 ARRIVA VÝCHODNÍ ČECHY a.s., , provozní oblast Nové Město nad Metují",18,19:23,,19:23,"Jaroměř,aut.st.",,A,660060,26,"501/70 ARRIVA VÝCHODNÍ ČECHY a.s., , provozní oblast Nové Město nad Metují","Jaroměř,,žel.st. - Dobruška (přímý vůz)",,2,Tisk na JŘ+převod do strojků USVC
172,navazuje,640030,101,"501/70 ARRIVA VÝCHODNÍ ČECHY a.s., , provozní oblast Nové Město nad Metují",18,7:24,,7:24,"Jaroměř,aut.st.",,A,660060,102,"501/70 ARRIVA VÝCHODNÍ ČECHY a.s., , provozní oblast Nové Město nad Metují","Jaroměř,,žel.st. - Dobruška (přímý vůz)",,1,Tisk na JŘ+převod do strojků USVC
173,navazuje,640030,103,"501/70 ARRIVA VÝCHODNÍ ČECHY a.s., , provozní oblast Nové Město nad Metují",18,11:24,,11:24,"Jaroměř,aut.st.",,A,660060,106,"501/70 ARRIVA VÝCHODNÍ ČECHY a.s., , provozní oblast Nové Město nad Metují","Jaroměř,,žel.st. - Dobruška (přímý vůz)",,1,Tisk na JŘ+převod do strojků USVC
174,navazuje,640030,105,"501/70 ARRIVA VÝCHODNÍ ČECHY a.s., , provozní oblast Nové Město nad Metují",18,15:24,,15:24,"Jaroměř,aut.st.",,A,660060,110,"501/70 ARRIVA VÝCHODNÍ ČECHY a.s., , provozní oblast Nové Město nad Metují","Jaroměř,,žel.st. - Dobruška (přímý vůz)",,1,Tisk na JŘ+převod do strojků USVC
175,navazuje,640030,107,"501/70 ARRIVA VÝCHODNÍ ČECHY a.s., , provozní oblast Nové Město nad Metují",18,19:24,,19:24,"Jaroměř,aut.st.",,A,660060,114,"501/70 ARRIVA VÝCHODNÍ ČECHY a.s., , provozní oblast Nové Město nad Metují","Jaroměř,,žel.st. - Dobruška (přímý vůz)",,1,Tisk na JŘ+převod do strojků USVC
193,navazuje,640030,12,"501/70 ARRIVA VÝCHODNÍ ČECHY a.s., , provozní oblast Nové Město nad Metují",5,14:09,,14:09,"Nové Město n.Met.,Slza",,A,640033,57,"501/70 ARRIVA VÝCHODNÍ ČECHY a.s., , provozní oblast Nové Město nad Metují",Dobruška (přímý vůz),,1,Tisk na JŘ+převod do strojků USVC
197,navazuje,640030,14,"501/70 ARRIVA VÝCHODNÍ ČECHY a.s., , provozní oblast Nové Město nad Metují",4,15:07,,15:07,"Nové Město n.Met.,žel.st.",,A,640336,9,"501/70 ARRIVA VÝCHODNÍ ČECHY a.s., , provozní oblast Nové Město nad Metují",Přibyslavi (přímý vůz),,1,Tisk na JŘ+převod do strojků USVC
233,navazuje,640031,19,"501/70 ARRIVA VÝCHODNÍ ČECHY a.s., , provozní oblast Nové Město nad Metují",17,15:57,,15:57,"Slavoňov,Blažkov,rozc.",,A,640061,4,"501/70 ARRIVA VÝCHODNÍ ČECHY a.s., , provozní oblast Nové Město nad Metují",Nové Město n.Met. (přímý vůz),15:58,0,Převod do strojků USVC
244,navazuje,640031,100,"501/70 ARRIVA VÝCHODNÍ ČECHY a.s., , provozní oblast Nové Město nad Metují",26,9:50,,9:50,Bystré v Orl.h.,,A,640031,8,"501/70 ARRIVA VÝCHODNÍ ČECHY a.s., , provozní oblast Nové Město nad Metují",Nové Město n.Met. (přímý vůz),,1,Tisk na JŘ+převod do strojků USVC
251,navazuje,640040,2,"501/10 ARRIVA VÝCHODNÍ ČECHY a.s., , provozní oblast Hradec Králové",8,5:28,,5:28,"Jaroměř,žel.st.",,A,640437,1,,Dubence přes Tanex a nemocnici,,,Tisk na JŘ+převod do strojků USVC
284,navazuje,640061,2,"501/70 ARRIVA VÝCHODNÍ ČECHY a.s., , provozní oblast Nové Město nad Metují",5,14:05,,14:05,"Nové Město n.Met.,nám.Republiky",,A,640025,25,"501/70 ARRIVA VÝCHODNÍ ČECHY a.s., , provozní oblast Nové Město nad Metují",Dobrušky přes Vršovku (přímý vůz),,3,Tisk na JŘ+převod do strojků USVC
314,navazuje,640064,38,"501/70 ARRIVA VÝCHODNÍ ČECHY a.s., , provozní oblast Nové Město nad Metují",14,20:50,,20:50,"Česká Skalice,nám.",,A,640078,1,"501/70 ARRIVA VÝCHODNÍ ČECHY a.s., , provozní oblast Nové Město nad Metují",Chvalkovice (přímý vůz),20:50,0,Tisk na JŘ+převod do strojků USVC
318,navazuje,640078,2,"501/70 ARRIVA VÝCHODNÍ ČECHY a.s., , provozní oblast Nové Město nad Metují",1,21:56,,21:56,"Česká Skalice,nám.",,A,640064,41,"501/70 ARRIVA VÝCHODNÍ ČECHY a.s., , provozní oblast Nové Město nad Metují","Jaroměř,Josefov,nám. (přímý vůz)",,2,Tisk na JŘ+převod do strojků USVC
489,navazuje,640131,3,"563/1 CDS s.r.o. Náchod, Kladská 286, Kladská 286, středisko Náchod",24,5:12,,5:12,"Nové Město n.Met.,nám.Republiky",,A,640103,7,"563/1 CDS s.r.o. Náchod, Kladská 286, Kladská 286, středisko Náchod","Dobruška,aut.st.",,0,Tisk na JŘ+převod do strojků USVC
491,navazuje,640131,5,"563/1 CDS s.r.o. Náchod, Kladská 286, Kladská 286, středisko Náchod",24,7:12,,7:12,"Nové Město n.Met.,nám.Republiky",,A,640133,4,"563/1 CDS s.r.o. Náchod, Kladská 286, Kladská 286, středisko Náchod","Náchod,aut.st.",,0,Tisk na JŘ+převod do strojků USVC
492,navazuje,640131,9,"563/1 CDS s.r.o. Náchod, Kladská 286, Kladská 286, středisko Náchod",15,13:54,,13:54,"Nový Hrádek,nám.",,A,640136,4,"563/1 CDS s.r.o. Náchod, Kladská 286, Kladská 286, středisko Náchod","Nové Město n.Met.,Náchodská",,1,Tisk na JŘ+převod do strojků USVC
493,navazuje,640131,13,"563/1 CDS s.r.o. Náchod, Kladská 286, Kladská 286, středisko Náchod",15,15:24,,15:24,"Nový Hrádek,nám.",,A,640138,2,"563/1 CDS s.r.o. Náchod, Kladská 286, Kladská 286, středisko Náchod","Dobruška,aut.st.",,2,Tisk na JŘ+převod do strojků USVC
498,navazuje,640131,103,"563/1 CDS s.r.o. Náchod, Kladská 286, Kladská 286, středisko Náchod",15,9:54,,9:54,"Nový Hrádek,nám.",,A,640136,108,"563/1 CDS s.r.o. Náchod, Kladská 286, Kladská 286, středisko Náchod","Nové Město n.Met.,žel.st.",,1,Tisk na JŘ+převod do strojků USVC
499,navazuje,640131,107,"563/1 CDS s.r.o. Náchod, Kladská 286, Kladská 286, středisko Náchod",15,13:54,,13:54,"Nový Hrádek,nám.",,A,640136,110,"563/1 CDS s.r.o. Náchod, Kladská 286, Kladská 286, středisko Náchod","Nové Město n.Met.,žel.st.",,1,Tisk na JŘ+převod do strojků USVC
528,navazuje,640132,54,"563/1 CDS s.r.o. Náchod, Kladská 286, Kladská 286, středisko Náchod",1,10:50,,10:50,"Náchod,aut.st.",,A,640101,54,"563/2 CDS s.r.o. Náchod, Kladská 286, Kladská 286, středisko Broumov",Broumova (přímý vůz),10:55,5,Tisk na JŘ+převod do strojků USVC
529,navazuje,640133,1,"563/1 CDS s.r.o. Náchod, Kladská 286, Kladská 286, středisko Náchod",18,5:14,,5:14,"Nové Město n.Met.,žel.st.",,A,640133,1,"563/1 CDS s.r.o. Náchod, Kladská 286, Kladská 286, středisko Náchod",Přibyslav,5:15,0,Tisk na JŘ+převod do strojků USVC
531,navazuje,640135,4,"563/1 CDS s.r.o. Náchod, Kladská 286, Kladská 286, středisko Náchod",3,13:43,,13:43,"Nové Město n.Met.,žel.st.",,A,640131,12,"563/1 CDS s.r.o. Náchod, Kladská 286, Kladská 286, středisko Náchod",Náchoda přes N.Hrádek,,0,Tisk na JŘ+převod do strojků USVC
532,navazuje,640136,107,"563/1 CDS s.r.o. Náchod, Kladská 286, Kladská 286, středisko Náchod",24,12:04,,12:04,"Nový Hrádek,nám.",,A,640131,108,"563/1 CDS s.r.o. Náchod, Kladská 286, Kladská 286, středisko Náchod","Náchod,aut.st.",,1,Tisk na JŘ
535,navazuje,640136,109,"563/1 CDS s.r.o. Náchod, Kladská 286, Kladská 286, středisko Náchod",24,16:04,,16:04,"Nový Hrádek,nám.",,A,640131,112,"563/1 CDS s.r.o. Náchod, Kladská 286, Kladská 286, středisko Náchod","Náchod,aut.st.",,1,Tisk na JŘ
537,navazuje,640136,111,"563/1 CDS s.r.o. Náchod, Kladská 286, Kladská 286, středisko Náchod",24,18:04,,18:04,"Nový Hrádek,nám.",,A,640131,114,"563/1 CDS s.r.o. Náchod, Kladská 286, Kladská 286, středisko Náchod","Náchod,aut.st.",,1,Tisk na JŘ
581,navazuje,640329,5,"506/6 ČSAD Ústí nad Orlicí, a.s., Třebovská 330, provozovna Náchod",27,6:12,,6:12,"Česká Skalice,nám.",,A,640377,4,,žel.st. a Náchoda přes Žernov,,,Tisk na JŘ+převod do strojků USVC
587,navazuje,640364,106,"506/6 ČSAD Ústí nad Orlicí, a.s., Třebovská 330, provozovna Náchod",14,20:50,,20:50,"Česká Skalice,nám.",,A,640378,101,,,20:50,,Tisk na JŘ
659,navazuje,640432,2,"506/1 ČSAD Ústí nad Orlicí, a.s., Třebovská 330, provozovna Rychnov nad Kněžnou",4,22:50,,22:50,"Nové Město n.Met.,Na Rychtě",,A,640325,1,"506/1 ČSAD Ústí nad Orlicí, a.s., Třebovská 330, provozovna Rychnov nad Kněžnou",Dobruška (přímý vůz),22:51,1,Tisk na JŘ+převod do strojků USVC
710,navazuje,640437,102,"501/10 ARRIVA VÝCHODNÍ ČECHY a.s., , provozní oblast Hradec Králové",3,10:13,,10:13,"Jaroměř,žel.st.",,A,610180,103,"501/10 ARRIVA VÝCHODNÍ ČECHY a.s., , provozní oblast Hradec Králové",Hradec Králové (přímý vůz),10:25,12,Tisk na JŘ+převod do strojků USVC
711,navazuje,640437,104,"501/10 ARRIVA VÝCHODNÍ ČECHY a.s., , provozní oblast Hradec Králové",3,14:13,,14:13,"Jaroměř,žel.st.",,A,610180,105,"501/10 ARRIVA VÝCHODNÍ ČECHY a.s., , provozní oblast Hradec Králové",Hradec Králové (přímý vůz),14:25,12,Tisk na JŘ+převod do strojků USVC
712,navazuje,640437,106,"501/10 ARRIVA VÝCHODNÍ ČECHY a.s., , provozní oblast Hradec Králové",3,18:13,,18:13,"Jaroměř,žel.st.",,A,610180,107,"501/10 ARRIVA VÝCHODNÍ ČECHY a.s., , provozní oblast Hradec Králové",Hradec Králové (přímý vůz),18:25,12,Tisk na JŘ+převod do strojků USVC
728,navazuje,640505,6,"508/1 CAR - TOUR spol. s r.o., Pohřebačka 182, 533 45 Opatovice nad Labem, Pohřebačka 182, 533 45 Opatovice nad Labem",12,14:23,,14:23,"Jaroměř,žel.st.",,A,640504,5,"508/1 CAR - TOUR spol. s r.o., Pohřebačka 182, 533 45 Opatovice nad Labem, Pohřebačka 182, 533 45 Opatovice nad Labem",Dubence (přímý vůz),,2,Tisk na JŘ+převod do strojků USVC
767,navazuje,660059,11,"501/70 ARRIVA VÝCHODNÍ ČECHY a.s., , provozní oblast Nové Město nad Metují",16,7:32,,7:32,Sněžné,,A,660059,8,"501/70 ARRIVA VÝCHODNÍ ČECHY a.s., , provozní oblast Nové Město nad Metují",Nový Hrádek,,2,Tisk na JŘ+převod do strojků USVC
847,navazuje,660060,103,"501/70 ARRIVA VÝCHODNÍ ČECHY a.s., , provozní oblast Nové Město nad Metují",39,8:29,,8:29,"Jaroměř,žel.st.",,A,640030,100,"501/70 ARRIVA VÝCHODNÍ ČECHY a.s., , provozní oblast Nové Město nad Metují","Jaroměř,aut.st. - Nové Město nad Metují (přímý vůz)",8:30,1,Tisk na JŘ+převod do strojků USVC
851,navazuje,660060,107,"501/70 ARRIVA VÝCHODNÍ ČECHY a.s., , provozní oblast Nové Město nad Metují",39,12:29,,12:29,"Jaroměř,žel.st.",,A,640030,102,"501/70 ARRIVA VÝCHODNÍ ČECHY a.s., , provozní oblast Nové Město nad Metují","Jaroměř,aut.st. - Nové Město nad Metují (přímý vůz)",12:30,1,Tisk na JŘ+převod do strojků USVC
855,navazuje,660060,111,"501/70 ARRIVA VÝCHODNÍ ČECHY a.s., , provozní oblast Nové Město nad Metují",39,16:29,,16:29,"Jaroměř,žel.st.",,A,640030,104,"501/70 ARRIVA VÝCHODNÍ ČECHY a.s., , provozní oblast Nové Město nad Metují","Jaroměř,aut.st. - Nové Město nad Metují (přímý vůz)",16:30,1,Tisk na JŘ+převod do strojků USVC
858,navazuje,660060,115,"501/70 ARRIVA VÝCHODNÍ ČECHY a.s., , provozní oblast Nové Město nad Metují",39,20:29,,20:29,"Jaroměř,žel.st.",,A,640030,106,"501/70 ARRIVA VÝCHODNÍ ČECHY a.s., , provozní oblast Nové Město nad Metují","Jaroměř,aut.st. - Nové Město nad Metují (přímý vůz)",20:30,1,Tisk na JŘ+převod do strojků USVC
904,navazuje,660062,105,"501/70 ARRIVA VÝCHODNÍ ČECHY a.s., , provozní oblast Nové Město nad Metují",22,12:13,,12:13,"Dobruška,aut.st.",,A,660067,105,"501/70 ARRIVA VÝCHODNÍ ČECHY a.s., , provozní oblast Nové Město nad Metují",Hradec Králové (přímý vůz),12:23,10,Tisk na JŘ+převod do strojků USVC
906,navazuje,660062,109,"501/70 ARRIVA VÝCHODNÍ ČECHY a.s., , provozní oblast Nové Město nad Metují",22,16:13,,16:13,"Dobruška,aut.st.",,A,660067,109,"501/70 ARRIVA VÝCHODNÍ ČECHY a.s., , provozní oblast Nové Město nad Metují",Hradec Králové (přímý vůz),16:23,10,Tisk na JŘ+převod do strojků USVC
908,navazuje,660062,111,"501/70 ARRIVA VÝCHODNÍ ČECHY a.s., , provozní oblast Nové Město nad Metují",22,18:13,,18:13,"Dobruška,aut.st.",,A,660067,111,"501/70 ARRIVA VÝCHODNÍ ČECHY a.s., , provozní oblast Nové Město nad Metují",Hradec Králové (přímý vůz),18:23,10,Tisk na JŘ+převod do strojků USVC
911,navazuje,660062,113,"501/10 ARRIVA VÝCHODNÍ ČECHY a.s., , provozní oblast Hradec Králové",22,14:13,,14:13,"Dobruška,aut.st.",,A,660067,113,"501/10 ARRIVA VÝCHODNÍ ČECHY a.s., , provozní oblast Hradec Králové",Hradec Králové (přímý vůz),14:23,10,Tisk na JŘ+převod do strojků USVC
980,navazuje,660067,100,"501/70 ARRIVA VÝCHODNÍ ČECHY a.s., , provozní oblast Nové Město nad Metují",1,7:37,,7:37,"Dobruška,aut.st.",,A,660062,100,"501/70 ARRIVA VÝCHODNÍ ČECHY a.s., , provozní oblast Nové Město nad Metují",Deštné v Orl.horách (přímý vůz),7:46,10,Tisk na JŘ+převod do strojků USVC
982,navazuje,660067,102,"501/70 ARRIVA VÝCHODNÍ ČECHY a.s., , provozní oblast Nové Město nad Metují",1,15:37,,15:37,"Dobruška,aut.st.",,A,660062,102,"501/70 ARRIVA VÝCHODNÍ ČECHY a.s., , provozní oblast Nové Město nad Metují",Deštné v Orl.horách (přímý vůz),15:46,10,Tisk na JŘ+převod do strojků USVC
984,navazuje,660067,108,"501/70 ARRIVA VÝCHODNÍ ČECHY a.s., , provozní oblast Nové Město nad Metují",1,19:37,,19:37,"Dobruška,aut.st.",,A,660062,110,"501/70 ARRIVA VÝCHODNÍ ČECHY a.s., , provozní oblast Nové Město nad Metují",Deštné v Orl.horách (přímý vůz),19:46,10,Tisk na JŘ+převod do strojků USVC
986,navazuje,660067,114,"501/10 ARRIVA VÝCHODNÍ ČECHY a.s., , provozní oblast Hradec Králové",1,9:37,,9:37,"Dobruška,aut.st.",,A,660062,104,"501/10 ARRIVA VÝCHODNÍ ČECHY a.s., , provozní oblast Hradec Králové",Deštné v Orl.horách (přímý vůz),9:46,10,Tisk na JŘ+převod do strojků USVC
1022,navazuje,660201,19,"557/1 AUDIS BUS s.r.o., Soukenická 242, Rychnov n. Kn.",36,15:27,,15:27,"Rokytnice v Orl.h.,Neb.Rybná,konečná",,A,660212,15,"557/1 AUDIS BUS s.r.o., Soukenická 242, Rychnov n. Kn.","Rychnov n.Kněž.,aut.nádr. (přímý vůz)",,0,Tisk na JŘ+převod do strojků USVC
1028,navazuje,660201,109,"557/1 AUDIS BUS s.r.o., Soukenická 242, Rychnov n. Kn.",30,15:45,,15:45,"Rokytnice v Orl.h.,žel.st.",,A,660205,151,"557/1 AUDIS BUS s.r.o., Soukenická 242, Rychnov n. Kn.",Říčky-Bartošovice-Neratov (přímý vůz),,2,Tisk na JŘ+převod do strojků USVC
1030,navazuje,660202,20,"557/1 AUDIS BUS s.r.o., Soukenická 242, Rychnov n. Kn.",8,20:57,,20:57,"Doudleby n.Orl.,žel.st.",,A,660204,44,"557/1 AUDIS BUS s.r.o., Soukenická 242, Rychnov n. Kn.",Rychnov nad Kněžnou,21:00,3,Převod do strojků USVC
1032,navazuje,660203,52,"557/1 AUDIS BUS s.r.o., Soukenická 242, Rychnov n. Kn.",5,15:33,,15:33,"Bartošovice v Orl.h.,Obecní úřad",,A,660205,3,"557/1 AUDIS BUS s.r.o., Soukenická 242, Rychnov n. Kn.","Orlické Záhoří,u kostela (přímý vůz)",,2,Tisk na JŘ+převod do strojků USVC
1039,navazuje,660205,41,"557/1 AUDIS BUS s.r.o., Soukenická 242, Rychnov n. Kn.",40,7:40,,7:40,"Deštné v Orl.h.,Národní dům",,A,660229,51,"557/1 AUDIS BUS s.r.o., Soukenická 242, Rychnov n. Kn.",Rychnova nad Kněžnou,,21,Tisk na JŘ+převod do strojků USVC
1040,navazuje,660205,51,"557/1 AUDIS BUS s.r.o., Soukenická 242, Rychnov n. Kn.",40,13:44,,13:44,"Deštné v Orl.h.,Národní dům",,A,660229,47,"557/1 AUDIS BUS s.r.o., Soukenická 242, Rychnov n. Kn.","Častolovice,žel.st.",,11,Tisk na JŘ+převod do strojků USVC
1043,navazuje,660205,8,"557/1 AUDIS BUS s.r.o., Soukenická 242, Rychnov n. Kn.",20,6:57,,6:57,"Bartošovice v Orl.h.,Obecní úřad",,A,660203,5,"557/1 AUDIS BUS s.r.o., Soukenická 242, Rychnov n. Kn.","Žamberk,divadlo",,3,Tisk na JŘ+převod do strojků USVC
1045,navazuje,660205,150,"557/1 AUDIS BUS s.r.o., Soukenická 242, Rychnov n. Kn.",1,17:12,,17:12,"Rokytnice v Orl.h.,žel.st.",,A,660201,104,"557/1 AUDIS BUS s.r.o., Soukenická 242, Rychnov n. Kn.",Rychnova nad Kněžnou (přímý vůz),,3,Tisk na JŘ+převod do strojků USVC
1061,navazuje,660207,4,"557/1 AUDIS BUS s.r.o., Soukenická 242, Rychnov n. Kn.",1,6:53,,6:53,"Borovnice,Přestavlky",,A,660209,6,"557/1 AUDIS BUS s.r.o., Soukenická 242, Rychnov n. Kn.",Kostelec n.Orl. (přímý vůz),6:54,1,Tisk na JŘ+převod do strojků USVC
1063,navazuje,660209,3,"557/1 AUDIS BUS s.r.o., Soukenická 242, Rychnov n. Kn.",13,6:56,,6:56,"Borovnice,Přestavlky",,A,660207,3,"557/1 AUDIS BUS s.r.o., Soukenická 242, Rychnov n. Kn.",Rychnov nsd Kněžnou (přímý vůz),7:01,2,Tisk na JŘ+převod do strojků USVC
1073,navazuje,660212,6,"557/1 AUDIS BUS s.r.o., Soukenická 242, Rychnov n. Kn.",1,11:51,,11:51,"Zdobnice,hotel",,A,660212,7,"557/1 AUDIS BUS s.r.o., Soukenická 242, Rychnov n. Kn.",Rychnov nad Kněžnou,11:55,4,Převod do strojků USVC
1078,navazuje,660213,1,"557/1 AUDIS BUS s.r.o., Soukenická 242, Rychnov n. Kn.",31,4:47,,4:47,"Zdobnice,Kačerov,odb.Prorubky",,A,660213,2,"557/1 AUDIS BUS s.r.o., Soukenická 242, Rychnov n. Kn.","Rychnov n.Kněž.,aut.nádr. (přímý vůz)",,1,Tisk na JŘ+převod do strojků USVC
1079,navazuje,660213,7,"557/1 AUDIS BUS s.r.o., Soukenická 242, Rychnov n. Kn.",31,9:11,,9:11,"Zdobnice,Kačerov,odb.Prorubky",,A,660213,8,"557/1 AUDIS BUS s.r.o., Soukenická 242, Rychnov n. Kn.","Rychnov n.Kněž.,aut.nádr. (přímý vůz)",,1,Převod do strojků USVC
1081,navazuje,660213,9,"557/1 AUDIS BUS s.r.o., Soukenická 242, Rychnov n. Kn.",31,13:37,,13:37,"Zdobnice,Kačerov,odb.Prorubky",,A,660213,10,"557/1 AUDIS BUS s.r.o., Soukenická 242, Rychnov n. Kn.","Rychnov n.Kněž.,aut.nádr. (přímý vůz)",,1,Převod do strojků USVC
1083,navazuje,660213,11,"557/1 AUDIS BUS s.r.o., Soukenická 242, Rychnov n. Kn.",31,15:43,,15:43,"Zdobnice,Kačerov,odb.Prorubky",,A,660213,12,"557/1 AUDIS BUS s.r.o., Soukenická 242, Rychnov n. Kn.","Rychnov n.Kněž.,aut.nádr. (přímý vůz)",,1,Převod do strojků USVC
1085,navazuje,660213,13,"557/1 AUDIS BUS s.r.o., Soukenická 242, Rychnov n. Kn.",31,17:32,,17:32,"Zdobnice,Kačerov,odb.Prorubky",,A,660213,14,"557/1 AUDIS BUS s.r.o., Soukenická 242, Rychnov n. Kn.","Rychnov n.Kněž.,aut.nádr. (přímý vůz)",,1,Převod do strojků USVC
1088,navazuje,660213,20,"557/1 AUDIS BUS s.r.o., Soukenická 242, Rychnov n. Kn.",3,20:57,,20:57,"Rychnov n.Kněž.,žel.st.",,A,660240,37,"557/1 AUDIS BUS s.r.o., Soukenická 242, Rychnov n. Kn.",Kvasin,,5,Tisk na JŘ+převod do strojků USVC
1089,navazuje,660215,1,"557/1 AUDIS BUS s.r.o., Soukenická 242, Rychnov n. Kn.",27,8:23,,8:23,"Libel,obec",,A,660215,10,"557/1 AUDIS BUS s.r.o., Soukenická 242, Rychnov n. Kn.",Černíkovic - Rychnova n.Kněž. (přímý vůz),,1,Tisk na JŘ+převod do strojků USVC
1091,navazuje,660215,17,"557/1 AUDIS BUS s.r.o., Soukenická 242, Rychnov n. Kn.",27,14:50,,14:50,"Libel,obec",,A,660215,16,"557/1 AUDIS BUS s.r.o., Soukenická 242, Rychnov n. Kn.","Rychnov n.Kněž.,aut.nádr. (přímý vůz)",,1,Tisk na JŘ+převod do strojků USVC
1093,navazuje,660215,25,"557/1 AUDIS BUS s.r.o., Soukenická 242, Rychnov n. Kn.",27,19:31,,19:31,"Libel,obec",,A,660215,4,"557/1 AUDIS BUS s.r.o., Soukenická 242, Rychnov n. Kn.","Rychnov n.Kněž.,aut.nádr. (přímý vůz)",,1,Tisk na JŘ+převod do strojků USVC
1106,navazuje,660217,1,"557/1 AUDIS BUS s.r.o., Soukenická 242, Rychnov n. Kn.",17,22:52,,22:52,"Vamberk,nám.",,A,660202,3,"557/1 AUDIS BUS s.r.o., Soukenická 242, Rychnov n. Kn.",Rokytnice v Orlických horách (přímý vůz),22:55,3,Tisk na JŘ+převod do strojků USVC
1113,navazuje,660218,10,"557/1 AUDIS BUS s.r.o., Soukenická 242, Rychnov n. Kn.",5,14:45,,14:45,"Častolovice,žel.st.",,A,660229,10,"557/1 AUDIS BUS s.r.o., Soukenická 242, Rychnov n. Kn.",Rychnova nad Kněžnou,,3,Tisk na JŘ+převod do strojků USVC
1123,navazuje,660226,16,"557/1 AUDIS BUS s.r.o., Soukenická 242, Rychnov n. Kn.",2,16:39,,16:39,"Rychnov n.Kněž.,střed",,A,660229,53,"557/1 AUDIS BUS s.r.o., Soukenická 242, Rychnov n. Kn.",Častolovice,16:43,4,Tisk na JŘ+převod do strojků USVC
1124,navazuje,660227,39,"557/1 AUDIS BUS s.r.o., Soukenická 242, Rychnov n. Kn.",16,14:13,,14:13,"Skuhrov n.Bělou,Brocná",,A,660227,46,"557/1 AUDIS BUS s.r.o., Soukenická 242, Rychnov n. Kn.","Solnice,,nám. (přímývůz)",14:11,0,Tisk na JŘ+převod do strojků USVC
1134,navazuje,660228,29,"557/1 AUDIS BUS s.r.o., Soukenická 242, Rychnov n. Kn.",14,20:59,,20:59,"Voděrady,křiž.",,A,660237,13,"557/1 AUDIS BUS s.r.o., Soukenická 242, Rychnov n. Kn.","Rychnov n.Kněž.,aut.nádr. (přímý vůz)",,2,Tisk na JŘ+převod do strojků USVC
1137,navazuje,660228,8,"557/1 AUDIS BUS s.r.o., Soukenická 242, Rychnov n. Kn.",26,7:08,,7:08,Třebešov,,A,660125,8,,"Rychnov n.Kněž.,aut.nádr. (přímý vůz)",7:09,,Tisk na JŘ+převod do strojků USVC
1142,navazuje,660229,9,"557/1 AUDIS BUS s.r.o., Soukenická 242, Rychnov n. Kn.",50,14:13,,14:13,"Častolovice,žel.st.",,A,660218,10,"557/1 AUDIS BUS s.r.o., Soukenická 242, Rychnov n. Kn.",Častolovic přes Olešnici,,9,Tisk na JŘ+převod do strojků USVC
1146,navazuje,660229,21,"557/1 AUDIS BUS s.r.o., Soukenická 242, Rychnov n. Kn.",50,10:13,,10:13,"Častolovice,žel.st.",,A,660218,5,"557/1 AUDIS BUS s.r.o., Soukenická 242, Rychnov n. Kn.",Olešnice,,9,Tisk na JŘ+převod do strojků USVC
1160,navazuje,660229,22,"557/1 AUDIS BUS s.r.o., Soukenická 242, Rychnov n. Kn.",4,6:36,,6:36,"Deštné v Orl.h.,Národní dům",,A,660205,40,"557/1 AUDIS BUS s.r.o., Soukenická 242, Rychnov n. Kn.",Orlického Záhoří,,7,Tisk na JŘ+převod do strojků USVC
1176,navazuje,660234,30,"557/1 AUDIS BUS s.r.o., Soukenická 242, Rychnov n. Kn.",1,4:44,,4:44,"Týniště n.Orl.,žel.st.",,A,660237,1,"557/1 AUDIS BUS s.r.o., Soukenická 242, Rychnov n. Kn.","Kvasiny,,Škoda Auto (přímý vůz)",4:45,1,Tisk na JŘ+převod do strojků USVC
1206,navazuje,660237,2,"557/1 AUDIS BUS s.r.o., Soukenická 242, Rychnov n. Kn.",1,5:21,,5:21,"Týniště n.Orl.,žel.st.",,A,660234,3,"557/1 AUDIS BUS s.r.o., Soukenická 242, Rychnov n. Kn.",Borohrádku,,2,Tisk na JŘ+převod do strojků USVC
1218,navazuje,660238,31,"557/1 AUDIS BUS s.r.o., Soukenická 242, Rychnov n. Kn.",13,13:54,,13:54,Trnov,,A,660238,30,"557/1 AUDIS BUS s.r.o., Soukenická 242, Rychnov n. Kn.",Dobruška,,1,Převod do strojků USVC
1253,navazuje,660507,100,"506/2 ČSAD Ústí nad Orlicí, a.s., Třebovská 330, provozovna Ústí nad Orlicí",1,14:55,,14:55,"Rokytnice v Orl.h.,žel.st.",,A,700902,104,,Žamberk - Ústí nad Orlicí (přímý vůz),15:00,,Tisk na JŘ+převod do strojků USVC
1254,navazuje,660507,102,"506/2 ČSAD Ústí nad Orlicí, a.s., Třebovská 330, provozovna Ústí nad Orlicí",1,10:55,,10:55,"Rokytnice v Orl.h.,žel.st.",,A,700902,102,,Žamberk - Ústí nad Orlicí (přímý vůz),11:00,,Tisk na JŘ+převod do strojků USVC
1255,navazuje,660507,104,"506/2 ČSAD Ústí nad Orlicí, a.s., Třebovská 330, provozovna Ústí nad Orlicí",1,18:55,,18:55,"Rokytnice v Orl.h.,žel.st.",,A,700902,106,,Žamberk - Ústí nad Orlicí (přímý vůz),19:00,,Tisk na JŘ+převod do strojků USVC
1257,navazuje,660509,1,"506/1 ČSAD Ústí nad Orlicí, a.s., Třebovská 330, provozovna Rychnov nad Kněžnou",44,5:50,,5:50,"Zdobnice,Souvlastní",,A,660509,2,"506/1 ČSAD Ústí nad Orlicí, a.s., Třebovská 330, provozovna Rychnov nad Kněžnou",Rychnov nad Kněžnou,5:46,1,Tisk na JŘ
1259,navazuje,660544,100,"506/1 ČSAD Ústí nad Orlicí, a.s., Třebovská 330, provozovna Rychnov nad Kněžnou",4,18:36,,18:36,"Rychnov n.Kněž.,nemocnice",,A,700931,108,"506/1 ČSAD Ústí nad Orlicí, a.s., Třebovská 330, provozovna Rychnov nad Kněžnou",Česká Třebová,,1,Tisk na JŘ+převod do strojků USVC
1273,navazuje,660555,4,"506/1 ČSAD Ústí nad Orlicí, a.s., Třebovská 330, provozovna Rychnov nad Kněžnou",5,6:49,,6:49,"Kostelec n.Orl.,nám.",,A,660508,4,"506/1 ČSAD Ústí nad Orlicí, a.s., Třebovská 330, provozovna Rychnov nad Kněžnou",Hřibiny-Ledská (přímý vůz),,1,Tisk na JŘ+převod do strojků USVC